street_name,long_snode,lat_snode,long_enode,lat_enode,length_km
18,106.5374757,10.6812591,106.5402437,10.681695,0.306313602275458
3 Tháng 2,106.6811565,10.7776498,106.6482993,10.7575536,4.227997174817223
3 Tháng 2,106.6482993,10.7575536,106.6597513,10.7637713,3.075320649739652
3 Tháng 2,106.6597513,10.7637713,106.6734728,10.7711007,5.344800103546696
3 Tháng 2,106.6494435,10.7580658,106.6665142,10.7674299,3.8612904405286352
3 Tháng 2,106.6665142,10.7674299,106.6639913,10.766037,0.31613533263555194
An Dương Vương,106.6664058,10.7560028,106.669461,10.7566534,0.40886298418034317
An Phú Đông,106.6884983,10.8581333,106.688522,10.8580682,0.007687557464635931
An Phú Đông 10,106.6962199,10.8576365,106.6964506,10.8565038,0.12844546983898628
An Phú Đông 3,106.7063222,10.8547157,106.7068791,10.8547574,0.060992995958662775
Bà Hom,106.6313514,10.7546911,106.6311219,10.754722,0.02530533966015118
Bà Huyện Thanh Quan,106.6832444,10.7807155,106.6884634,10.7767699,0.7193638391056946
Bành Văn Trân,106.6569689,10.7904195,106.657746,10.7883571,0.24453318927011006
Bàu Cát,106.6429867,10.7922881,106.6410455,10.7929669,0.22506729888310167
Bình Lợi,106.7053404,10.8315214,106.7054531,10.8311762,0.04030962614246583
Bình Thới,106.6512531,10.7684923,106.6422657,10.7628698,1.1656659318328844
Bình Trị Đông,106.6100165,10.7614144,106.6100099,10.76138,0.0038924598723279837
Bùi Hữu Nghĩa,106.6742704,10.7555638,106.6976069,10.7940986,4.985811630910789
Bùi Thị Xuân,106.6626344,10.7984947,106.6628737,10.7979599,0.06495778114457387
Bưng Ông Thoàn,106.7973612,10.8139216,106.7970824,10.8144883,0.06998587962023772
Bưng Ông Thòan,106.7887386,10.828493,106.7885591,10.8287562,0.03522567653299167
Bạch Đằng,106.6785067,10.8143903,106.710341,10.8029569,3.702149443838336
Bạch Đằng,106.7101437,10.8029724,106.6656805,10.8139316,5.016418970721467
Bạch Đằng,106.7048266,10.8033698,106.6656805,10.8139316,4.433984241659095
Bảy Hiền,106.6516978,10.7894105,106.6518377,10.7897093,0.03657071727335778
Bắc Hải,106.6563416,10.7781305,106.6633132,10.7855566,1.0521037718827386
Bến Bình Đông,106.6604156,10.7482848,106.6604156,10.7482848,0.0
Bến Cát,106.6568031,10.7852199,106.6568613,10.7851391,0.011006203018470197
Bến Hàm Tử,106.673072,10.7494447,106.6681836,10.7507824,0.5543542944578488
Bến Vân Đồn,106.6937223,10.7584116,106.6918919,10.7573004,0.23505034550505954
Bờ Bao Tân Thắng,106.6216983,10.8073924,106.6186403,10.8012197,0.7633269530359083
Calmette,106.6997404,10.7673072,106.6976851,10.7699124,0.3665025060012066
Cao Thắng,106.678801,10.7729223,106.6791758,10.7725943,0.3058197935808489
Cao Xuân Dục,106.6603737,10.7470453,106.6591277,10.746165,0.16765982246336256
Cao tốc TP. Hồ Chí Minh - Long Thành - Dầu Giây,106.8473249,10.7860991,106.8178943,10.7918961,3.279301204886103
Cao tốc TP. Hồ Chí Minh - Long Thành - Dầu Giây,106.8178943,10.7918961,106.8557067,10.785892,8.260880364180807
Cao tốc TP. Hồ Chí Minh - Long Thành - Dầu Giây,106.7995037,10.7950193,106.8557067,10.785892,6.2223156895811425
Cao tốc TP. Hồ Chí Minh - Long Thành - Dầu Giây,106.8630211,10.7862476,106.8450235,10.786298,3.9333303393041903
Cao tốc TP. Hồ Chí Minh - Long Thành - Dầu Giây,106.7824691,10.7964727,106.775074,10.7962415,4.119973671522898
Chu Văn An,106.6960454,10.8113215,106.7048425,10.811203,0.9609207022344093
Châu Văn Liêm,106.6590317,10.7519402,106.6584782,10.7537895,0.10766246736416261
Chợ Lớn,106.6255188,10.7444411,106.6258206,10.7444479,0.03297896422509702
Cách Mạng Tháng Tám,106.68085,10.7782417,106.662713,10.7879441,3.6344576697042172
Cách Mạng Tháng Tám,106.6724641,10.7827246,106.6732878,10.7822806,0.10262943695096628
Cây Bàng,106.5920538,10.7187059,106.5920047,10.7189172,0.024100100506491303
Công Trường Dân Chủ,106.6815724,10.7775778,106.6815724,10.7775778,0.0
Công Trường Mê Linh,106.7065305,10.7748291,106.7065815,10.7748385,0.005668165519613637
Công Trường Quách Thị Trang,106.6986125,10.7712269,106.6986499,10.7718767,0.07236987001485398
Công Trường Quốc Tế,106.6962159,10.7829947,106.6955259,10.7826997,0.08219860525571847
Công Xã Paris,106.7000845,10.7791557,106.6999777,10.7792456,0.015363131360668893
Cầu 15B,106.7312394,10.7132819,106.7313098,10.7131905,0.012745700112849671
Cầu An Lập,106.602171,10.729901,106.60178,10.7277176,0.24651236491230258
Cầu Bình Lợi,106.7061476,10.8235017,106.706066,10.8239671,0.7037489852272505
Cầu Bình Phú,106.7343846,10.8547733,106.7349099,10.8550441,0.06478823759510852
Cầu Bình Phước 2,106.7150626,10.8607907,106.7155477,10.8612059,0.07026938795469653
Cầu Bình Triệu 1,106.7136257,10.8215874,106.713869,10.8233581,0.19867787203272647
Cầu Bình Triệu 2,106.7135696,10.8235017,106.7129039,10.8190196,0.5036621588576534
Cầu Bông,106.6959206,10.7929272,106.6960125,10.7941308,0.1342101290462883
Cầu Bùi Hữu Nghĩa,106.6974031,10.7930658,106.6976069,10.7940986,0.11697968650338274
Cầu Băng Ky,106.6985355,10.8182453,106.6989116,10.8184238,0.04562112290538979
Cầu Bến Cát,106.6652403,10.8614957,106.6653095,10.8614424,0.009603725057964507
Cầu Bến Cát 1,106.6642282,10.8615207,106.6653693,10.8615229,0.12461169574226098
Cầu Calmette,106.6998985,10.7671805,106.700715,10.7645089,0.31016921113592516
Cầu Chà Và,106.6601636,10.750294,106.6603921,10.7487665,0.1716747446112975
Cầu Chánh Hưng,106.6689199,10.7460556,106.668879,10.7416454,0.49041222058852885
Cầu Chợ Cầu 1,106.6378814,10.8457909,106.6353191,10.8474862,0.3373979128548576
Cầu Chữ Y,106.6836257,10.7509485,106.6842501,10.7536129,0.304018658650914
Cầu Cá Trê Lớn,106.7323124,10.7780689,106.7347388,10.7793052,0.2985732354255565
Cầu Công Lý,106.6825988,10.7910679,106.681367,10.7921893,0.18344381516204772
Cầu Cả Cấm,106.7257177,10.7225313,106.7249535,10.723735,0.1577509789170681
Cầu Him Lam,106.6937024,10.7405245,106.6949897,10.7407629,0.14311011808268562
Cầu Hiệp Ân 2,106.6613572,10.7433356,106.6616795,10.7433941,0.03580579030990198
Cầu Hoàng Hoa Thám,106.693204,10.7946727,106.6927968,10.7958364,0.13682817613676557
Cầu Kênh 2,106.7248969,10.7745747,106.7240549,10.7742939,0.09713091597861585
Cầu Kênh B,106.5384069,10.7447939,106.5386627,10.7446677,0.031270450913344336
Cầu Kênh Tẻ,106.7024382,10.7492889,106.7019835,10.754992,0.6360982117204035
Cầu Kênh Xáng,106.6885411,10.7413597,106.6884693,10.7415302,0.02051732163197919
Cầu Kỳ Hà 4,106.7606269,10.7559963,106.7597266,10.7550762,0.14191608206308604
Cầu Lê Văn Sỹ,106.6815175,10.785862,106.6810825,10.7861078,0.054815337290568464
Cầu Nguyễn Văn Cừ,106.6871934,10.7527375,106.6883922,10.7541132,0.20137156334031747
Cầu Phú An,106.7131767,10.7923372,106.7134711,10.792197,0.035736416571570145
Cầu Phú Mỹ,106.7400366,10.7428358,106.7279543,10.7347762,4.1744375298348615
Cầu Phú Mỹ,106.7271372,10.7342194,106.7344584,10.7399509,1.0226891798120048
Cầu Phước Long,106.7265583,10.703606,106.7247561,10.7028333,0.21483828910590683
Cầu Rạch Chiếc 1,106.7563406,10.8099607,106.7575697,10.815571,0.6381173130049379
Cầu Rạch Chiếc 2,106.7570201,10.8139606,106.7562309,10.8099928,0.4495405656883553
Cầu Rạch Lăng,106.6983165,10.821591,106.6992827,10.8218467,0.10928918366731956
Cầu Sài Gòn 1,106.7319201,10.7997621,106.7225975,10.7981356,1.0342046783807342
Cầu Sài Gòn 2,106.7250464,10.7983208,106.7320752,10.7994998,0.7788584476487543
Cầu Sơn,106.7115254,10.8055396,106.7115501,10.805844,0.0339550793993969
Cầu Số 2,106.661654,10.7916133,106.6616367,10.7915741,0.004750818772384943
Cầu Số 7,106.6710981,10.7879997,106.6711168,10.7880524,0.00620576151862247
Cầu Tham Lương,106.6275189,10.8249297,106.6277019,10.8251111,0.028395821417847782
Cầu Thanh Lộc,106.6696497,10.8608943,106.6698521,10.8610728,0.029706643129360104
Cầu Thầy Tiêu,106.716972,10.7289172,106.7153476,10.7294379,0.18667347379290758
Cầu Thị Nghè,106.7058445,10.7910523,106.707195,10.7924505,0.21431712373161643
Cầu Thị Nghè 2,106.7093873,10.7875007,106.7096016,10.7876817,0.030870695620793764
Cầu Thủ Thiêm,106.7192073,10.7844433,106.7177091,10.7874118,0.36842264473071734
Cầu Trường Đai,106.6505875,10.8600761,106.650645,10.860121,0.008022150813350726
Cầu Trần Quang Diệu,106.6784372,10.7843732,106.6784372,10.7843732,0.0
Cầu Tân Thuận 2,106.7224037,10.7537495,106.7224037,10.7537495,0.0
Cầu Tư Dinh,106.6980017,10.728864,106.6963878,10.728815,0.17640459868253672
Cầu Văn Thánh,106.7165178,10.8003961,106.716054,10.8006159,0.056246266805812704
Cầu Văn Thánh 2,106.7121753,10.7894924,106.7138262,10.7892164,0.182919442011005
Cầu Vĩnh Bình,106.7160636,10.8684531,106.7161334,10.8684713,0.00788627203226034
Cầu cụt,106.6556187,10.8552658,106.655734,10.8551425,0.018614932228264134
Cầu vượt An Sương,106.6149893,10.8423388,106.6172944,10.8445156,0.3492280744125741
Cầu vượt Bình Phước,106.7238705,10.8653758,106.7227673,10.8648149,0.13565853064537783
Cầu vượt Cây Gõ,106.6400826,10.7544547,106.6457375,10.7538631,0.6212452081625093
Cầu vượt Cộng Hòa - Hoàng Hoa Thám,106.6450548,10.8020955,106.6479549,10.8017925,0.31854918168174173
Cầu vượt Hàng Xanh,106.7109178,10.801349,106.7109087,10.8014241,0.00840968315076914
Cầu vượt Linh Xuân,106.766864,10.8727455,106.7634192,10.8739107,0.39785523665661787
Cầu vượt Lý Thái Tổ - Nguyễn Tri Phương,106.6652083,10.7666392,106.667887,10.7681372,0.8591153550130128
Cầu vượt Nguyễn Hữu Cảnh,106.7237951,10.7976427,106.7205235,10.7976579,0.35734847605478115
Cầu vượt Ngã Sáu Gò Vấp,106.6792404,10.8280378,106.6798526,10.8260016,0.2360811182463601
Cầu vượt Ngã Tư Ga,106.6803378,10.8629755,106.6799122,10.8591758,0.4250559582582334
Cầu vượt Ngã tư Gò Dưa,106.7329016,10.8708511,106.73325,10.8717994,0.11209958102006484
Cầu vượt Ngã tư Gò Mây,106.6017747,10.819436,106.6004668,10.8133227,0.6946150190156845
Cầu vượt Ngã tư Hàng Xanh,106.7098827,10.8012395,106.7094146,10.8010524,0.05519893591895178
Cầu vượt Ngã tư Thủ Đức,106.7747696,10.8499117,106.7730798,10.8478386,0.29528503353172925
Cầu vượt Quang Trung,106.6314235,10.8502095,106.627222,10.8509611,0.4663820756682847
Cầu vượt Sóng Thần 1,106.7511683,10.8753473,106.7515008,10.8754506,0.03808188099272556
Cầu vượt Thủ Thiêm,106.716779,10.7890182,106.7150911,10.7891973,0.185440632414244
Cầu vượt Thủ Đức,106.7959178,10.8620872,106.7945633,10.8622393,0.148878811830066
Cầu vượt Trạm 2,106.7958668,10.8618381,106.795148,10.8607361,0.14552234850012202
Cầu vượt Tân Thới Hiệp,106.6511715,10.8621176,106.6499973,10.8620995,0.1282416145199859
Cầu Ðiện Biên Phủ,106.7005728,10.7935904,106.70102,10.7937716,0.052838943773075714
Cầu Ông Dầu,106.7139796,10.8347246,106.7139479,10.8350834,0.04004666732760755
Cầu Ông Đội,106.7312623,10.713383,106.7312577,10.7135062,0.01370843091367737
Cầu Đen 2,106.7334642,10.7994405,106.7334573,10.7997398,0.033289173900914924
Cống Quỳnh,106.6905496,10.7635026,106.688366,10.7666744,0.42577748928729103
Cộng Hòa,106.6348128,10.8073797,106.6509196,10.8016842,3.845021364285326
Cộng Hòa,106.6509196,10.8016842,106.6376734,10.8041993,1.4735885168103595
D1,106.8011838,10.8488982,106.8008695,10.8492092,0.04872391056449942
D2,106.8033886,10.8291371,106.8037053,10.8294096,0.04598344906528987
Dương Bá Cung,106.6230902,10.7452866,106.6230775,10.7452699,0.0023180165922912243
Dương Bá Trạc,106.688839,10.7440266,106.6884045,10.7415004,0.2848829902058952
Dương Thị Mười,106.6368278,10.8703305,106.6368738,10.8704226,0.011406645139996218
Dương Văn Cam,106.7534794,10.8495638,106.7536678,10.8494184,0.02616701151886889
Dường An Phú,106.6900349,10.83809,106.6820873,10.852303,1.8030644788754053
Dạ Nam,106.686888,10.7536606,106.6869589,10.7531123,0.061458181569543406
Dồng Tâm,106.6107839,10.8630927,106.6104704,10.8632256,0.03728825397664401
Gò Dưa,106.73608,10.8691182,106.7267906,10.8665765,1.0530433421897563
Hai Bà Trưng,106.7060815,10.7756896,106.6989225,10.7821327,4.351385621378948
Hai Bà Trưng,106.6989225,10.7821327,106.6864092,10.7922848,1.7727951448599333
Hem 3m,106.6641842,10.7908008,106.6642609,10.7907633,0.00935818092749933
Hiền Vương,106.6249308,10.7817224,106.6241211,10.7821668,0.10131326568814239
Hiệp Bình,106.7327377,10.8374629,106.7284891,10.8450502,0.9628423945404557
Hoà Bình,106.6355415,10.7696068,106.6421803,10.7667998,0.7895184482979365
Hoà Hưng,106.6712231,10.7780404,106.676489,10.7800043,0.6152677789614921
Hoà Hảo,106.6590053,10.7597892,106.6617195,10.7603765,0.3036054191829236
Hoàng Diệu,106.6985617,10.7596225,106.6987767,10.7597771,0.02910569775553525
Hoàng Hoa Thám,106.6470466,10.797138,106.6923844,10.8031077,4.996327241130188
Hoàng Minh Giám,106.6768879,10.8123044,106.6736261,10.80837,0.5641931276609109
Hoàng Sa,106.659131,10.7931923,106.7005738,10.792888,4.526836013767036
Hoàng Sĩ Khải,106.64357,10.7390302,106.6427235,10.7384808,0.1108342955904213
Hoàng Văn Thụ,106.6668173,10.800283,106.666894,10.8002745,3.2978809403809546
Hoàng Văn Thụ,106.666894,10.8002745,106.6676731,10.8002636,0.9010746053827312
Huỳnh Mẫn Đạt,106.6773307,10.7518689,106.6757437,10.758139,0.7184347003096585
Huỳnh Thiện Lộc,106.6363843,10.7803932,106.6401733,10.7789563,0.44365233273983634
Huỳnh Tấn Phát,106.753584,10.6783267,106.7282216,10.7525133,8.702141832600855
Huỳnh Văn Bánh,106.681914,10.7958652,106.6716163,10.7918192,1.2114307976972492
Hà Huy Giáp,106.6798911,10.8589939,106.6812882,10.8846445,3.07470452827655
Hà Huy Giáp,106.6812882,10.8846445,106.679258,10.8671779,1.9548089926057897
Hàm Nghi,106.6991751,10.7711901,106.7059931,10.770794,0.7460715348848009
Hàn Hải Nguyên,106.6492826,10.7579867,106.648904,10.7580428,0.7306508641330509
Hòa Bình,106.6353005,10.7695756,106.6229767,10.7731687,1.187649243795374
Hòa Hảo,106.66843,10.761856,106.66843,10.761856,0.0
Hùng Vương,106.678648,10.763637,106.666373,10.7562461,1.5750376855785402
Hưng Nhơn,106.5856745,10.7159649,106.5985988,10.7117174,1.4889574535908066
Hưng Phú,106.6682445,10.7461296,106.6689261,10.7462542,0.07573931904117527
Hương Lộ 2,106.6211738,10.7735855,106.6212579,10.773618,0.00987190501795277
Hương lộ 10,106.5406723,10.6817688,106.5412694,10.681336,0.08107290809658335
Hương lộ 8,106.5406723,10.6817688,106.550446,10.6844568,1.108986900083321
Hải Thượng Lãn Ông,106.6545334,10.7507545,106.6593065,10.7507744,0.7156306672104631
Hầm chui An Sương - N1,106.6149367,10.843311,106.6138112,10.8450745,0.23143092519747913
Hầm chui Mỹ Thủy,106.7752086,10.7698762,106.775235,10.7698083,0.008082145225276548
Hầm sông Sài Gòn,106.7031455,10.76834,106.7033248,10.7684374,0.022381133068780354
Hậu Giang,106.6239247,10.7453991,106.6240715,10.745339,0.01737387519048247
Hẻm 1129 Lạc Long Quân,106.6518377,10.7897093,106.6520158,10.7896403,0.02091203287788661
Hẻm 131 Tô Hiến Thành,106.6698201,10.7808937,106.6704423,10.7793615,0.18342870106679207
Hẻm 200C Xóm Chiếu,106.7100356,10.7550068,106.710014,10.7550302,0.0035125504566139837
Hẻm 246/64 Hòa Hưng,106.670628,10.7789044,106.6707568,10.7785872,0.03797352474791564
Hẻm 297 Lý Thường Kiệt,106.656462,10.7765701,106.6563765,10.7765446,0.009760434650560389
Hẻm 312 Kinh Dương Vương,106.6207621,10.7433547,106.6207225,10.7433184,0.00591673901997692
Hẻm 322 Hòa Hưng,106.6710033,10.7779568,106.6707568,10.7785872,0.07509086634823461
Hẻm 341 Khuông Việt,106.6376979,10.7693434,106.6410076,10.7719922,0.4663258448165298
Hẻm 341 Lạc Long Quân,106.6405885,10.7691266,106.6414568,10.7684973,0.11786882094468398
Hẻm 373 Lý Thường Kiệt,106.6503541,10.7790549,106.6547735,10.7803895,0.47100539419540244
Hẻm 416 Lạc Long Quân,106.6444644,10.7697921,106.6445026,10.7697654,0.0051212193118849855
Hẻm 5 Hạnh Thông,106.6800719,10.8265194,106.6792437,10.8280713,0.1948325737981382
Hẻm 504 Kinh Dương Vương,106.6147828,10.7379148,106.6146944,10.7377688,0.01888981867732672
Hẻm 506 Lạc Long Quân,106.6460379,10.7711649,106.6472103,10.7705706,0.14411262826140972
Hẻm 574 Kinh Dương Vương,106.6096162,10.7321249,106.6109526,10.731368,0.168523057251314
Hẻm 602 Điện Biên Phủ,106.7178735,10.7987712,106.7178674,10.7986979,0.00817777551951829
Hẻm 68 Trần Quang Khải,106.6936394,10.792788,106.6935778,10.7932473,0.05151314088756361
Hẻm 84A Trần Hữu Trang,106.6724314,10.79358,106.6717593,10.7938991,0.08153710672584007
Hẻm 86 Ông Ích Khiêm,106.6449394,10.7661735,106.6471393,10.7702268,0.46632249823362704
Hẻm 92 Vũ Huy Tấn,106.6927968,10.7958364,106.6925024,10.7973608,0.1725287177247178
Hẻm 995 Hồng Bàng,106.636522,10.7546298,106.6365345,10.7543494,0.031208945456843336
Hẻm Số 354,106.6582765,10.775411,106.6584192,10.7755941,0.025641731086908624
Học Lạc,106.6544294,10.7519423,106.6544546,10.7516397,0.033760013785415814
Hồ Chí Minh - Trung Lương,106.5896523,10.6887747,106.5930448,10.6894658,0.37856494025094034
Hồ Hảo Hớn,106.6940131,10.7598239,106.6908753,10.763051,0.49624211073353136
Hồ Văn Huê,106.677625,10.8045481,106.6781072,10.8054457,0.11285222674339616
Hồ Văn Long,106.6005932,10.8253843,106.600561,10.8252537,0.01494181216341011
Hồ Xuân Hương,106.6864011,10.7752936,106.6867311,10.7756788,0.055982256447104646
Hồng Bàng,106.65443,10.75373,106.6507117,10.7533034,3.029563461035959
Hồng Hà,106.6652599,10.8134061,106.6758031,10.8142573,1.1570008324079055
Hồng Lạc,106.6465073,10.7879176,106.6464872,10.7879756,0.006812770571691605
Kha Vạn Cân,106.7153558,10.8270992,106.7545053,10.8504341,5.001304135356074
Kha Vạn Cân,106.7545053,10.8504341,106.725621,10.8319797,3.7631762861022935
Kha Vạn Cân,106.725621,10.8319797,106.7531191,10.8487665,3.5550610848622894
Khuông Việt,106.6433121,10.7813924,106.6398819,10.7770894,0.6077239108212215
Khánh Hội,106.6977387,10.7606879,106.7008416,10.7565916,0.5677713605235538
Kinh Dương Vương,106.6235109,10.7455465,106.6050773,10.7265851,2.9190983866339115
Kinh Trung ương,106.5554753,10.7909507,106.5554064,10.7910811,0.016336559810926535
Kênh 10,106.5725739,10.708894,106.5725888,10.7087587,0.015132495615313924
Kênh Nước Đen,106.6172503,10.7884223,106.6166971,10.7881979,0.06537498726389013
Kênh Tân Hoá,106.6355574,10.7693744,106.6399809,10.7786413,1.1381006219039687
Linh Đông,106.7438406,10.8415361,106.7438406,10.8415361,0.0
Liên Xã,106.5839509,10.8884699,106.5840148,10.8885006,0.0077677443491292585
Lãnh Binh Thăng,106.6464629,10.7653269,106.6545324,10.7623992,1.1699992633475504
Lê Duẩn,106.7035568,10.7857663,106.6984806,10.7803753,0.8165731389998839
Lê Hoàng Phái,106.6753185,10.8428373,106.6754115,10.8395688,0.3635825056000804
Lê Hồng Phong,106.6752404,10.765331,106.6752055,10.7654291,1.291086824044412
Lê Khôi,106.6288442,10.7821969,106.6280309,10.779782,0.2828387760400133
Lê Lai,106.6941287,10.7700912,106.6902339,10.76857,0.4578460380394037
Lê Lợi,106.6990769,10.7722079,106.6999404,10.7732655,0.15075424176191618
Lê Minh Xuân,106.651613,10.786231,106.6560086,10.7874965,0.5003279281065469
Lê Quang Sung,106.6528193,10.7510631,106.6528193,10.7510631,0.0
Lê Quang Định,106.698423,10.802988,106.6894367,10.820498,2.1804193595328565
Lê Quý Đôn,106.8004621,10.8838307,106.8015806,10.8810953,0.32776793834297907
Lê Qúy Đôn,106.800583,10.8832727,106.800583,10.8832727,0.0
Lê Thánh Tôn,106.6995607,10.7746928,106.6990287,10.7740594,0.09131051094564371
Lê Thị Hà,106.5981184,10.887776,106.5982675,10.8865251,0.14004331403894107
Lê Trọng Tấn,106.621088,10.8077236,106.6156148,10.809165,0.6189086185885777
Lê Tuấn Mậu,106.625679,10.7490204,106.6267106,10.7482606,0.14084842784942764
Lê Văn Chí,106.7816929,10.8660484,106.7739597,10.8504219,1.9319384421277843
Lê Văn Khương,106.6498425,10.8619111,106.6494524,10.8621838,0.052289907024996266
Lê Văn Lương,106.7024735,10.6893503,106.7037515,10.7410217,5.747293914465678
Lê Văn Ninh,106.7547163,10.8510377,106.7534794,10.8495638,0.21238199101784425
Lê Văn Quới,106.6215672,10.7735866,106.6093332,10.7762952,1.36989323561999
Lê Văn Qưới,106.6087456,10.7763027,106.6028052,10.7763962,0.648976641271829
Lê Văn Sỹ,106.67201,10.7915356,106.6609346,10.800243,4.391205843050258
Lê Văn Thịnh,106.7657368,10.7765916,106.7659642,10.7769125,0.04347702156426828
Lê Văn Thọ,106.6583227,10.8365053,106.658324,10.8364665,0.004316698567030771
Lê Văn Tách,106.7542735,10.8761169,106.7609261,10.8783778,0.7687162821376586
Lê Văn Việt,106.7744207,10.8486663,106.774693,10.8484707,0.036842290915156346
Lê Đại Hành,106.6592488,10.7587163,106.6568351,10.7626323,1.4668995081566447
Lê Đức Thọ,106.655946,10.8548517,106.6496727,10.8625349,5.773348711766991
Lê Đức Thọ,106.6753185,10.8428373,106.6496727,10.8625349,3.555432506192043
Lê Đức Thọ,106.680097,10.8385342,106.6499071,10.8610348,4.230524679851766
Lý Chiêu Hoàng,106.6337742,10.7359493,106.633682,10.7359829,0.010743299164498189
Lý Chính Thắng,106.6820441,10.7792426,106.6851801,10.7885356,1.0886942826626962
Lý Thái Tổ,106.6740246,10.7677425,106.7956925,10.7461614,13.507474872886581
Lý Thái Tổ,106.6770101,10.7669304,106.7956925,10.7461614,13.16907624497598
Lý Thái Tổ,106.7956925,10.7461614,106.6763647,10.7670409,17.472280850611206
Lý Thái Tổ,106.8141974,10.7376092,106.6763647,10.7670409,15.408759038929428
Lý Thái Tổ,106.6763647,10.7670409,106.8238056,10.7312283,16.59196749049958
Lý Thái Tổ,106.8200297,10.7333357,106.6723696,10.7677321,16.578105065819912
Lý Thái Tổ,106.6723696,10.7677321,106.6741538,10.7676423,0.19515643939239238
Lý Thường Kiệt,106.5896647,10.8866826,106.6565902,10.7757808,14.335119494109067
Lý Thường Kiệt,106.6565902,10.7757808,106.6595662,10.765485,3.110591352701493
Lý Thường Kiệt,106.6595662,10.765485,106.6552592,10.7805208,3.636445460066092
Lý Thường Kiệt,106.6552592,10.7805208,106.6557798,10.7787511,0.20483366313667617
Lý Tự Trọng,106.6944832,10.7721656,106.7046426,10.7818664,1.5498050627627884
Lăng Cha Cả,106.6610875,10.8006191,106.6611458,10.8003982,0.025374952180061323
Lũy Bán Bích,106.6339978,10.7592472,106.6317019,10.7696046,1.1786820355011298
Lưu Hữu Phước,106.6337729,10.7232019,106.6337903,10.7231437,0.006744976926651248
Lương Định Của,106.7104127,10.7750334,106.7108802,10.7749435,0.05203630898396426
Lạc Long Quân,106.6422433,10.7662165,106.6506569,10.7832411,3.0355594255722593
Lạc Long Quân,106.6506569,10.7832411,106.6444321,10.769814,3.543538906661278
Lạc Long Quân,106.6444321,10.769814,106.6423879,10.7666571,0.41603696591350303
Lữ Gia,106.6529443,10.7711526,106.6529443,10.7711526,0.9481094184391681
Mai Chí Thọ,106.7347388,10.7793052,106.7224129,10.7733243,3.281562769501442
Mai Chí Thọ,106.7322207,10.7784791,106.7529968,10.8012401,3.3993321984348133
Mai Chí Thọ,106.7522864,10.7948062,106.7519,10.7924075,1.2488674152556047
Mai xuân Thưởng,106.6476989,10.7512719,106.6476921,10.7512316,0.004542310553862151
Marie Curie,106.8017773,10.8786289,106.8000739,10.8788557,0.18770736071652716
Minh Phụng,106.6438018,10.7577151,106.6430363,10.7535751,1.5872630758536177
Mã Lò,106.5989412,10.7834104,106.6008637,10.7764236,0.8047784856190553
Mạc Cửu,106.6592038,10.750597,106.6592357,10.7506107,0.0038032764259679766
Nam Hoà,106.7672026,10.8324177,106.7582527,10.8188716,1.795623674668872
Nam Kỳ Khởi Nghĩa,106.6990601,10.7758374,106.6931176,10.781312,3.656409423698978
Nghĩa Phát,106.6543665,10.7836425,106.6579632,10.7857783,0.4590741223695525
Nguyễn Biểu,106.6831763,10.757374,106.6841957,10.7545595,0.33218063387217256
Nguyễn Bình,106.7460372,10.6764523,106.7461005,10.6764671,0.007109873666235707
Nguyễn Bỉnh Khiêm,106.7034865,10.7886678,106.7035492,10.7886038,1.0639699839372292
Nguyễn Cao,106.7122757,10.7279406,106.712277,10.7283925,0.050249188066944686
Nguyễn Cao Bắc,106.712272,10.7311497,106.7122946,10.7302354,0.10169549896444297
Nguyễn Chí Thanh,106.6655719,10.7592538,106.6704457,10.7601722,4.994917773553185
Nguyễn Chí Thanh,106.6704457,10.7601722,106.6731253,10.760806,0.3010830671788667
Nguyễn Cơ Thạch,106.7226291,10.7768151,106.7220698,10.779091,0.26033860016202826
Nguyễn Cư Trinh,106.6921459,10.7646953,106.6902673,10.7639667,0.2206284777427479
Nguyễn Cửu Vân,106.7058178,10.7963537,106.7063387,10.7960538,0.06594865311045715
Nguyễn Du,106.7010865,10.7801784,106.7933053,10.8802415,15.007886048261593
Nguyễn Du,106.8020366,10.8839415,106.7847868,10.8805839,1.920241857287254
Nguyễn Duy,106.6688752,10.7447602,106.6689569,10.7448407,0.012640635354137076
Nguyễn Hoàng,106.7438952,10.801925,106.7439955,10.8017112,0.02617623636049803
Nguyễn Huệ,106.7062982,10.7719889,106.7061791,10.7719977,0.01304669824344202
Nguyễn Hậu,106.6346835,10.7872262,106.634782,10.7874845,0.030670710338990475
Nguyễn Hồng Đào,106.6418466,10.7924125,106.6419251,10.7926149,0.02408389161429324
Nguyễn Hữu Cảnh,106.712201,10.7896678,106.7098683,10.7888202,0.2716715455266792
Nguyễn Hữu Cầu,106.6911349,10.791062,106.6904811,10.7900598,0.13235823700389648
Nguyễn Hữu Thọ,106.7002329,10.7365428,106.6999333,10.7330629,0.7540183043879602
Nguyễn Hữu Trí,106.5802906,10.6929789,106.5939709,10.6963436,7.5156135166404905
Nguyễn Hữu Trí,106.5540502,10.6854735,106.5939709,10.6963436,4.5262983308941775
Nguyễn Hữu Tự,106.6967184,10.7926663,106.6961576,10.7926985,0.06135962667696216
Nguyễn Khoái,106.6939259,10.7558779,106.6952956,10.7533608,0.3173742421419524
Nguyễn Kim,106.6616043,10.7643679,106.6633989,10.7555118,0.9755954493170882
Nguyễn Kiệm,106.680033,10.7998472,106.6787698,10.8135747,2.8840594735981924
Nguyễn Lương Bằng,106.7180368,10.7348064,106.7200097,10.7318083,1.613268710534151
Nguyễn Lương Bằng nối dài,106.7318964,10.7087139,106.7314656,10.7130973,0.4896791983173929
Nguyễn Ngọc Lộc,106.6640385,10.7659563,106.6640385,10.7659563,0.0
Nguyễn Nhược Thị,106.6402431,10.7369895,106.6403352,10.7369774,0.010151318832130671
Nguyễn Oanh,106.6787535,10.8506971,106.6775689,10.8308983,2.2053240171055064
Nguyễn Phúc Nguyên,106.6792239,10.7805493,106.6789157,10.7820636,0.17171492194806762
Nguyễn Sơn,106.6254206,10.7831843,106.6288258,10.7821283,0.3900498633669948
Nguyễn Thi,106.6591297,10.7505935,106.6591695,10.7505909,0.0043574840546931545
Nguyễn Thiện Thuật,106.679824,10.7680707,106.6802989,10.7676816,0.06755094516139686
Nguyễn Thái Bình,106.6523793,10.7964689,106.6598663,10.800764,0.9470215144156982
Nguyễn Thái Học,106.69714,10.7651757,106.6954254,10.7679022,0.35636305326742357
Nguyễn Thái Sơn,106.6790274,10.8145897,106.683148,10.819754,0.7299057954981576
Nguyễn Thông,106.679297,10.781667,106.6869946,10.7759864,0.9853521977547524
Nguyễn Thượng Hiền,106.6820734,10.7770101,106.6821788,10.776852,0.021014474032627843
Nguyễn Thị Diệu Hương,106.655911,10.7779274,106.655911,10.7779274,0.0
Nguyễn Thị Minh Khai,106.682324,10.7660316,106.7045845,10.7897016,3.6985844732827964
Nguyễn Thị Nghĩa,106.6940986,10.7701435,106.6945589,10.7693254,0.10393993001263716
Nguyễn Thị Nhung,106.7054307,10.8433563,106.7057848,10.8435122,0.04237883749070587
Nguyễn Thị Nhỏ,106.6504956,10.7514819,106.6507502,10.753478,4.291722726314889
Nguyễn Thị Nhỏ,106.6508617,10.7544346,106.6513758,10.7591706,0.4879341647391684
Nguyễn Thị Thập,106.699903,10.7406127,106.7035805,10.7399476,1.1307963299164343
Nguyễn Thị Tần,106.6845345,10.7492439,106.6848291,10.7486955,0.06895096817096423
Nguyễn Thị Đặng,106.6414169,10.867202,106.6416344,10.8676811,0.058328230709135946
Nguyễn Thị Định,106.7773201,10.7682878,106.7889248,10.7581359,1.6974505160578641
Nguyễn Tri Phương,106.6690295,10.7590308,106.6695017,10.7522326,2.4925966502303525
Nguyễn Trãi,106.6929369,10.7710906,106.6628252,10.7532859,3.839213791358263
Nguyễn Trãi,106.6628252,10.7532859,106.6535477,10.7527545,3.9739225377440355
Nguyễn Trãi,106.6535477,10.7527545,106.6883289,10.7669665,4.115036293621271
Nguyễn Trọng Trí,106.6176488,10.7407342,106.6175944,10.7406865,0.007965675832954077
Nguyễn Trọng Tuyển,106.6699079,10.7980849,106.6699079,10.7980849,0.6339007670150367
Nguyễn Tuyển,106.7653756,10.7833422,106.7652891,10.7836471,0.035195317628407406
Nguyễn Tất Thành,106.7071763,10.7650945,106.7164541,10.7578081,1.2975459146308788
Nguyễn Văn Bá,106.7687324,10.8415062,106.773359,10.8496688,1.0387987035464143
Nguyễn Văn Bá (nối dài),106.7843268,10.8565707,106.7901143,10.8599603,0.9154745017359877
Nguyễn Văn Cừ,106.6819889,10.7643811,106.6818405,10.765251,0.6202347911246202
Nguyễn Văn Giai,106.697328,10.7926284,106.6974031,10.7930658,0.049323567567713805
Nguyễn Văn Khối,106.6441247,10.8463002,106.6571611,10.8425938,1.4821467685831875
Nguyễn Văn Linh,106.7181438,10.7293691,106.7269803,10.7526944,5.053584531058531
Nguyễn Văn Linh,106.7192028,10.7311956,106.7269803,10.7526944,2.5370640501323067
Nguyễn Văn Luông,106.6337889,10.7357509,106.6353149,10.7485677,1.4348805378212404
Nguyễn Văn Lượng,106.6799748,10.8384914,106.6659911,10.8386842,1.527328542865626
Nguyễn Văn Lạc,106.7089225,10.79196,106.708958,10.7921268,0.01894831528774557
Nguyễn Văn Nghi,106.6887972,10.8214371,106.6869947,10.8238312,0.3310952837537313
Nguyễn Văn Quá,106.6265884,10.8261451,106.6266087,10.8264064,0.029139699524642525
Nguyễn Văn Quý,106.73585,10.7402847,106.7361197,10.7404302,0.03361365397181491
Nguyễn Văn Quỳ,106.7405148,10.7432943,106.7313895,10.7383028,1.1410028263971925
Nguyễn Văn Trỗi,106.6800466,10.7929933,106.6777789,10.7941581,2.101650464273093
Nguyễn Văn Tăng,106.8286983,10.8428497,106.8281916,10.8424012,0.07449329229231154
Nguyễn Văn Đậu,106.6938401,10.8143614,106.6882022,10.8085648,0.8914205812242714
Nguyễn Xiển,106.8363216,10.8592096,106.8346037,10.8837836,2.7389359432645266
Nguyễn Xuân Khoát,106.6345051,10.7951766,106.6345715,10.7954885,0.03543192721676958
Nguyễn Xí,106.7033547,10.8226293,106.7031447,10.8230448,0.05158118525977299
Nguyễn Ðình Chiểu,106.7031476,10.7924028,106.6824793,10.7704394,3.3259212561324736
Nguyễn Ðình Chiểu,106.6918856,10.7803604,106.6800536,10.767872,1.8970522548500481
Nguyễn Đình Chiểu,106.6789788,10.8033297,106.6796467,10.8034825,0.07490325554993517
Nguyễn Đình Chính,106.6755726,10.7956505,106.6778016,10.7949615,0.25523683360705574
Nguyễn Đức Cảnh,106.7085848,10.7283976,106.7085817,10.7285196,0.013570008068512128
Nguyễn Đức Thuận,106.6403983,10.8073545,106.6404336,10.8072353,0.013803818615140177
Nguyễn Ảnh Thủ,106.6071961,10.8552391,106.6071458,10.8551791,0.00864203825401285
Ngã Bảy Lý Thái Tổ,106.6744532,10.7679102,106.6744532,10.7679102,0.0
Ngã Sáu Nguyễn Tri Phương,106.6687226,10.7598992,106.6687397,10.7599392,0.004824140522413245
Ngã sáu Cộng Hòa,106.681627,10.7651637,106.6815426,10.765182,0.009441574132764505
Ngã tư An Sương,106.6150302,10.8428093,106.6152871,10.8429984,0.035060961325050356
Ngã tư Hàng Xanh,106.7110941,10.8013276,106.7111262,10.8012791,0.006432481735280782
Ngô Chí Quốc,106.730453,10.8740594,106.7302504,10.8738081,0.035640994762754355
Ngô Gia Tự,106.6664916,10.7565017,106.6740191,10.7671362,2.701150932469437
Ngô Nhân Tịnh,106.6533788,10.7504649,106.6533788,10.7504649,0.0
Ngô Quyền,106.664104,10.7656858,106.6668579,10.7517792,1.474132784852888
Ngô Tất Tố,106.7139268,10.7918618,106.7127835,10.7924353,0.14022060536082182
Nhánh A1,106.7532978,10.7932441,106.7524658,10.7926709,0.11100063007023751
Nhánh A2,106.7532978,10.7932441,106.7522965,10.7938273,0.1271499498310546
Nhánh B1,106.7519936,10.7923857,106.7536837,10.7926848,0.1875783341161387
Ni Sư Huỳnh Liên,106.6494573,10.782654,106.6497547,10.7821504,0.06473838831237107
Núi Thành,106.643124,10.8009799,106.6429183,10.8007478,0.03421787861894056
Nơ Trang Long,106.6954833,10.8112469,106.706678,10.8252639,1.9809638617310616
Pasteur,106.7014834,10.7732727,106.7010371,10.7743326,1.0412436018134055
Pham Ngũ Lão,106.6832697,10.8207556,106.6808708,10.8251544,0.5548755489601291
Phan Huy ích,106.6401134,10.8442903,106.6297806,10.8231377,2.6087650056794187
Phan Thúc Duyện,106.6589142,10.8052601,106.6635788,10.8026411,0.5868429883940388
Phan Văn Hớn,106.6249037,10.8274348,106.6008101,10.8389566,2.9266602123778664
Phan Văn Trị,106.6954833,10.8112469,106.6746596,10.831922,3.233843373038242
Phan Văn Trị,106.6745438,10.8319624,106.6954833,10.8112469,3.533534576031726
Phan Văn Đáng,106.7929002,10.7468469,106.7931437,10.7471454,0.04253591687968858
Phan Văn Đối,106.5950621,10.8296291,106.5949971,10.8295371,0.012451770899424645
Phan Xích Long,106.6832089,10.8015575,106.6869344,10.799015,0.49548916713070645
Phan Đình Giót,106.6677637,10.8001795,106.6644615,10.8046866,0.617461610370157
Phan Đình Phùng,106.6839488,10.7942586,106.6802718,10.7991862,0.6795426146152821
Phan Đăng Lưu,106.6965436,10.8025532,106.6803694,10.7993486,2.481383733766636
Phạm Văn Đồng,106.6992827,10.8218467,106.7354087,10.8384481,7.841901874891282
Phạm Văn Đồng,106.6833531,10.8163711,106.7354087,10.8384481,6.1926253243597165
Phạm Văn Đồng,106.7363075,10.838735,106.6917234,10.8200201,5.295284825085187
Phạm Văn Đồng,106.6902882,10.8196001,106.7326464,10.837129,5.01999704925125
Phạm Văn Đồng,106.6867094,10.818071,106.7435101,10.8408851,6.478482052774238
Phạm Văn Đồng,106.7053644,10.8233047,106.7435101,10.8408851,4.601876266766249
Phó Cơ Điều,106.6570028,10.7620243,106.6571078,10.758013,0.5537498229840824
Phó Ðức Chính,106.6991208,10.7707145,106.7010097,10.7676642,0.39700952096803965
Phú Châu,106.7448654,10.8628859,106.7473789,10.8658949,0.43276570092352323
Phú Hòa,106.6510434,10.7849204,106.6533302,10.7854926,0.2577648176992595
Phú Hữu,106.6537519,10.7535742,106.6533152,10.7510733,0.2821497576093293
Phú Thuận,106.729495,10.729784,106.7298359,10.729912,0.03987056745337456
Phú Thọ,106.641575,10.7589846,106.641586,10.7589257,0.0066587040265110075
Phường 10,106.6677962,10.7681682,106.6677962,10.7681682,0.0
Phường 13,106.7008658,10.8345705,106.6514144,10.8592742,6.058961675141387
Phường 14,106.6590186,10.7507925,106.6439339,10.8515609,11.32542419979174
Phường 3,106.6786944,10.8146655,106.6767178,10.8120867,0.3589313196285001
Phường 7,106.6615305,10.7646858,106.6615305,10.7646858,0.0
Phường 8,106.674106,10.7575894,106.6739837,10.757428,0.022373720451177744
Phường An Bình,106.7588382,10.8753861,106.7505911,10.8750874,0.9011783138767049
Phường An Lạc A,106.61846,10.7414323,106.6184129,10.7413924,0.0067941470855374395
Phường An Phú,106.7557929,10.8094109,106.7560287,10.8097169,0.042673644649182885
Phường An Phú Đông,106.6996423,10.8391657,106.7000553,10.8523365,3.642950668469977
Phường Bình Chiểu,106.7287564,10.8878174,106.728711,10.8878003,0.005309521891040537
Phường Bình Hưng Hòa B,106.5779904,10.8045394,106.5934583,10.785662,2.6945423849714083
Phường Bình Thắng,106.8049329,10.8853354,106.8048936,10.8852651,0.008917459176875732
Phường Bến Nghé,106.6984933,10.780376,106.6984806,10.7803753,0.0013894345291640047
Phường Bến Thành,106.6930624,10.7713876,106.6933233,10.7715326,0.032744264759549446
Phường Cát Lái,106.7888166,10.7581824,106.7889037,10.7581122,0.012307080430586401
Phường Hiệp Bình Chánh,106.7145095,10.8260009,106.7326691,10.8374007,2.353764185782639
Phường Hiệp Bình Phước,106.7045433,10.8410074,106.7050813,10.8412473,0.06452722172239657
Phường Linh Trung,106.7673863,10.8724231,106.8026394,10.867122,3.894502348889274
Phường Linh Xuân,106.7757156,10.8708535,106.7669177,10.8728261,0.985444285053656
Phường Linh Đông,106.7438935,10.8413507,106.7442274,10.8408414,0.06735619504602477
Phường Nguyễn Cư Trinh,106.6907611,10.7642694,106.690743,10.7642807,0.0023426850414663834
Phường Phú Thuận,106.7432344,10.7192661,106.7432765,10.7199382,0.07487552120401801
Phường Sơn Kỳ,106.6190596,10.8013922,106.6190675,10.8013405,0.005813174763184996
Phường Tam Bình,106.728414,10.8649833,106.7285029,10.8648292,0.01969413120708864
Phường Tam Phú,106.7454594,10.8636069,106.7455177,10.8635251,0.011102465117688979
Phường Thạnh Lộc,106.6796891,10.8587824,106.6795635,10.8587301,0.014897953640567865
Phường Thảo Điền,106.7293575,10.8005193,106.7464095,10.8025976,1.8767834447583358
Phường Trung Mỹ Tây,106.6264888,10.8521986,106.6265032,10.8521149,0.009438936152187908
Phường Tân Phú,106.8069619,10.870652,106.7295974,10.7158518,19.17539344661305
Phường Tân Thuận Tây,106.7241939,10.7523982,106.7242338,10.7522526,0.016766468802798057
Phường Tân Thới Nhất,106.6156611,10.8423995,106.6155929,10.842552,0.01852085111364725
Phường Đông Hòa,106.8030852,10.8762972,106.8076326,10.8738915,4.923145652415318
Phường Đông Hưng Thuận,106.6308139,10.8502828,106.6309142,10.850249,0.011580323756520917
Phạm Hùng,106.6691251,10.7484337,106.6689249,10.740971,0.830102548725186
Phạm Hồng Thái,106.6938843,10.7712522,106.6963858,10.7711253,0.27361749919074685
Phạm Hữu Lầu,106.7321155,10.7045223,106.7321155,10.7045223,0.0
Phạm Ngũ Lão,106.6941176,10.7690424,106.6883701,10.7667354,0.6782246810715945
Phạm Ngọc Thạch,106.6978143,10.78092,106.6969534,10.7817113,0.12878323368703695
Phạm Phú Thứ,106.6438571,10.7444878,106.6466566,10.7897886,5.0464934577924625
Phạm Thiều,106.7230082,10.7266492,106.7231231,10.7267196,0.014793866721270097
Phạm Thái Bường,106.7086074,10.7273833,106.7097716,10.7274088,0.12722240037653176
Phạm Thế Hiển,106.6548139,10.7404244,106.6874216,10.7508219,3.745152893591354
Phạm Văn Bạch,106.6330654,10.8138819,106.6464179,10.8374497,2.999050996030346
Phạm Văn Chiêu,106.665484,10.8541753,106.6602254,10.8523298,0.6098341742658052
Phạm Văn Hai,106.6653921,10.8000753,106.6645994,10.7970292,0.34960224380618593
Phạm Văn Đồng,106.7222594,10.8289838,106.7634123,10.8705207,6.444385125115785
Phạm Văn Đồng,106.7633832,10.8701199,106.7439592,10.8414243,3.883876013760775
Phạm Văn Đồng,106.7439592,10.8414243,106.7620017,10.8667147,3.4393298148701783
Phạm Văn Đồng,106.7394746,10.8398287,106.710872,10.8251409,3.524973811540835
Phạm Văn Đồng,106.7074369,10.8242579,106.6818266,10.8156051,8.029123127202208
Phạm Văn Đồng,106.7294684,10.8344857,106.6818266,10.8156051,5.610836827769279
Phạm Văn Đồng,106.6814749,10.8154234,106.7325701,10.8370873,6.082062087467355
Phạm Văn Đồng,106.6975926,10.8212703,106.7325701,10.8370873,4.205486666506823
Phạm Văn Đồng,106.7384111,10.8395571,106.7114115,10.8252909,3.113671775654572
Phạm Văn Đồng,106.7617638,10.8666573,106.6869633,10.8185142,9.76674130733447
Phạm Văn Đồng,106.6869633,10.8185142,106.7316781,10.8367273,5.286815566417658
Phạm Văn Đồng,106.7316781,10.8367273,106.7343264,10.8380903,3.7672177980560266
Phạm Văn Đồng,106.7343264,10.8380903,106.7620017,10.8667147,4.389210598003208
Phạm Đình Hổ,106.6496345,10.7521361,106.649744,10.753419,0.1431526306328627
Phạm Đăng Giảng,106.60636,10.8214287,106.6044259,10.818044,0.4315898701099256
Phổ Quang,106.6658741,10.8025366,106.6717917,10.8085272,1.0953297535066855
Quang Trung,106.6794606,10.8266931,106.6466938,10.8395934,3.8825986478645866
Quang Trung,106.6397062,10.844692,106.6419808,10.8430788,5.319716051366578
Quang Trung,106.6634568,10.8350079,106.6544376,10.8374889,4.006939443800457
Quang Trung,106.6544376,10.8374889,106.6472307,10.8393084,0.812662766205654
Quách Thị Trang,106.8474689,10.7130085,106.8236348,10.7065115,1.7678816399775836
Quảng trường sáng tạo,106.8052044,10.8754861,106.805084,10.8742918,0.13344932392117587
Quận 11,106.6534073,10.7673207,106.6497631,10.753578,1.5791209406957554
Quận 8,106.6881377,10.7493268,106.6882437,10.7490054,0.037567285504635284
Quận Gò Vấp,106.6900639,10.8193084,106.6899222,10.8195596,0.03193304871454921
Quận Tân Bình,106.6523466,10.7902723,106.6648526,10.8117157,2.747948050304725
Quốc Lộ 1,106.597382,10.7047068,106.5973319,10.7045783,0.015301189778766575
Quốc lộ 1,106.7474536,10.8741188,106.6008754,10.7226708,23.236145820755258
Quốc lộ 1,106.6008754,10.7226708,106.7794278,10.8684975,25.363139756533034
Quốc lộ 1,106.7813371,10.8678819,106.6586551,10.8617623,13.41435497271477
Quốc lộ 1,106.6586551,10.8617623,106.7668518,10.8725843,13.361431214338177
Quốc lộ 1,106.6494828,10.8620634,106.7668518,10.8725843,12.870068754424427
Quốc lộ 1,106.7887782,10.8671103,106.7915871,10.8666505,3.7595463454239253
Quốc lộ 1,106.7915871,10.8666505,106.748644,10.8752124,4.785030461090096
Quốc lộ 13,106.7200233,10.8513034,106.7132132,10.8180299,3.773859034633517
Quốc lộ 1A,106.7487214,10.8747377,106.6858709,10.8609657,7.032081919548534
Quốc lộ 1A,106.6986862,10.8599881,106.7052214,10.859221,0.7187468412623106
Quốc lộ 1K,106.766068,10.8757339,106.765511,10.8746157,2.037326479973701
Quốc lộ 22,106.6149314,10.8434511,106.5966668,10.8704157,3.6019061964355403
Quốc lộ 22,106.5966668,10.8704157,106.6138112,10.8450745,5.288163111477653
Quốc lộ 22,106.5916776,10.8774435,106.6138112,10.8450745,4.33553844318631
Quốc lộ 22,106.6128986,10.8466302,106.6149651,10.843027,0.4598457829186377
Quớc Lộ 22,106.6140548,10.8449041,106.5914673,10.877854,4.416798339757112
Quớc Lộ 22,106.5900475,10.8798576,106.5863138,10.8851888,0.7194691115805061
Raymondienne,106.7231704,10.7267486,106.7236852,10.7270427,0.06505926145708754
Rạch Bùng Binh,106.6785811,10.7794508,106.6803024,10.7840477,0.5446358693588707
Song Hành,106.7334658,10.7992821,106.7485095,10.8021502,1.6738128464514077
Sư Van Hạnh,106.6738445,10.7575965,106.6710798,10.7696215,1.3708055832723933
Sư Vạn Hạnh,106.6659013,10.7774435,106.6705481,10.77004,0.9401263933062416
Số 12,106.7578623,10.867114,106.7622334,10.8672756,0.47766593213985287
Số 18,106.6066965,10.8226043,106.6059457,10.8232027,0.10560050785676645
Số 7,106.6029789,10.8249576,106.6029143,10.8249497,0.007109846750411919
T1 Loop,106.6643618,10.8124942,106.6648739,10.812469,0.056002127411247216
THOI TAM THÔN 5,106.6105297,10.8842932,106.6112355,10.8839449,0.555131989102957
Tam Bình,106.7287514,10.845997,106.743489,10.8625757,1.7476092406847532
Tam Đảo nối dài,106.6578456,10.7748455,106.6589017,10.7762132,0.19088525318375754
Thiên Phước,106.6555539,10.778088,106.6532873,10.7756928,0.36364030524498586
Thoại Ngọc Hầu,106.621551,10.7737359,106.6416689,10.78599,2.5870159411891027
Thuận Kiều,106.6587965,10.7597225,106.6584197,10.7552474,0.49930796142025435
Thành Thái,106.6588525,10.7807392,106.6670725,10.7675961,1.7456646069068362
Thành phố Thuận An,106.6998839,10.8877621,106.6944551,10.8886155,0.6003350951656314
Thánh Gióng,106.8100261,10.8820255,106.8089551,10.8827193,0.14010188116424144
Tháp Mười,106.6494313,10.7497109,106.6545334,10.7507545,0.5693226037089211
Thân Nhân Trung,106.6423382,10.8023976,106.6424147,10.8029475,0.061714353999142345
Thích Quảng Đức,106.6785195,10.8082313,106.684482,10.8033105,0.8505945875621326
Thăng Long,106.6610854,10.8045573,106.6609131,10.8039431,0.0708413571714299
Thạnh Lộc 29,106.678258,10.8776731,106.6801765,10.8774274,0.21126850958399934
Thế Lữ,106.5386925,10.7202232,106.542567,10.718012,0.48953356586446983
Thị trấn Tân Túc,106.5693537,10.6795155,106.5693331,10.6797073,0.021445643614603736
Thống Nhất,106.6652733,10.8397244,106.6644581,10.8348284,0.5516419878157337
Trang Tử,106.6532793,10.7516644,106.6504956,10.7514819,0.30477588871445016
Transfer between the Metro and the HSR,106.7557179,10.8081678,106.7559278,10.8085665,0.04991034497389038
Trung Mỹ Tây 2A,106.6123545,10.8471993,106.6124805,10.8472751,0.016136440324659846
Trương Công Định,106.6417176,10.7983099,106.6402984,10.7937318,0.5321401658397504
Trương Quốc Dung,106.672673,10.7950667,106.6729603,10.7997004,0.5161986619142266
Trương Định,106.6966242,10.7712056,106.6803024,10.7840477,1.9429869794721135
Trường Chinh,106.6519615,10.7936226,106.6323883,10.8152248,3.215634693303865
Trường Chinh,106.6323883,10.8152248,106.6235423,10.829463,3.446526739821139
Trường Chinh,106.6235423,10.829463,106.6326825,10.8136617,4.105791301106196
Trường Chinh,106.6430538,10.7984865,106.6246086,10.8284986,3.898133374695919
Trường Chinh,106.6218498,10.832788,106.647854,10.7959135,6.6184030736289365
Trường Chinh,106.6187325,10.8373896,106.647854,10.7959135,5.602349623813907
Trường Chinh,106.647854,10.7959135,106.6206709,10.8339258,5.165288793853474
Trường Chinh,106.6206709,10.8339258,106.6211617,10.83315,0.10156184581633926
Trường Sa,106.6855754,10.7925479,106.7006919,10.7939608,1.6585997990995627
Trường Sơn,106.6649688,10.8130718,106.6650145,10.8111229,0.21676526796939594
Trần Bình Trọng,106.6803749,10.7592606,106.6807561,10.7582717,0.11758162219470353
Trần Huy Liệu,106.6779981,10.792161,106.6778425,10.794303,0.23878515186567906
Trần Hưng Ðạo,106.6580656,10.7520028,106.6953474,10.7680299,4.491517706964674
Trần Hưng Ðạo,106.6953474,10.7680299,106.6684652,10.752615,0.8340059200988232
Trần Hữu Trang,106.6753149,10.7935553,106.673077,10.7940624,0.2508597815036969
Trần Khắc Chân,106.6784691,10.7993219,106.6758626,10.8014439,0.3697656134178083
Trần Minh Quyền,106.6737333,10.771263,106.6752791,10.770053,0.21590573388936146
Trần Nam Trung,106.8191301,10.7085686,106.8236348,10.7065115,0.5427347823314321
Trần Nhân Tôn,106.6755174,10.7590354,106.673962,10.7664111,0.829812871809374
Trần Não,106.730462,10.7912282,106.7318819,10.7981949,1.0681316150040294
Trần Phú,106.668592,10.7529727,106.674132,10.7574203,2.4387005385605627
Trần Quang Diệu,106.6782642,10.787646,106.6784817,10.7835849,0.452198239242623
Trần Quang Khải,106.6898524,10.7916682,106.6888956,10.7915069,0.10603762781609605
Trần Quý,106.6518136,10.7582245,106.6582987,10.7596357,0.7256046778651252
Trần Quốc Hoàn,106.6643387,10.8050283,106.6635788,10.8026411,0.2781181045891255
Trần Quốc Thảo,106.6868337,10.7827317,106.689846,10.7799599,0.45084612309981015
Trần Quốc Toản,106.6892673,10.7893494,106.6863082,10.7831971,0.7566191089232392
Trần Văn Giàu,106.5880278,10.7482734,106.5750441,10.7535831,1.5363557936166148
Trần Văn Kiểu,106.6289013,10.7465385,106.6288456,10.7460179,0.05820701107747426
Trần Văn Mười,106.5879562,10.8496569,106.5913288,10.8777391,3.144242452271179
Trần Văn Quang,106.6445172,10.7796593,106.6486116,10.779603,0.7305494192424028
Trần Văn Trà,106.7191654,10.7229109,106.8257234,10.7230616,11.641821571964474
Trần Văn Trà,106.8257234,10.7230616,106.7236416,10.7256271,11.156367792342301
Trần Văn Ðang,106.6795303,10.7822564,106.6784842,10.7830627,0.14524215798852932
Trần Xuân Soạn,106.6919615,10.7512278,106.6880473,10.7504862,0.4354784780992179
Trần Ðình Xu,106.6924841,10.75857,106.6919236,10.759772,0.14701364621393287
Trần Đại Nghĩa,106.7774485,10.8736394,106.5384069,10.7447939,29.78121470936341
Trịnh Phong Đáng,106.7575192,10.8670888,106.7546708,10.8663263,0.322396763104734
Trịnh Đình Trọng,106.6384349,10.7760645,106.6474762,10.7752249,0.9930352805103007
Tân Chánh Hiệp 2,106.6364066,10.870711,106.6270618,10.8750882,0.9706570737661839
Tân Chánh Hiệp 39,106.6167264,10.8821993,106.6163333,10.8825854,2.0094247147483197
Tân Hoà Đông,106.6342541,10.7542847,106.6326357,10.7560579,0.2648271079871982
Tân Kỳ Tân Quý,106.6193962,10.7994476,106.6052666,10.7916934,1.7678559159901763
Tân Liễu,106.5954928,10.6811514,106.5958303,10.6818,0.0810026649536616
Tân Phú,106.7236203,10.7336193,106.7238132,10.7336036,0.021146399274509148
Tân Quý,106.6196106,10.7987681,106.6203627,10.7951375,0.4119777392731503
Tân Sơn,106.6467909,10.8385379,106.6412646,10.8248067,1.641800938496848
Tân Sơn Nhì,106.6353988,10.80264,106.636066,10.8028848,0.07779233739707772
Tân Thuận,106.7500323,10.764817,106.749763,10.7644644,0.049016573701500955
Tân Vĩnh,106.7023549,10.7564549,106.7015563,10.757461,0.14186756953012558
Tân Xuân 1,106.6035093,10.8752155,106.6030332,10.8756688,0.0724119802984305
Tân Xuân 2,106.6077482,10.8819132,106.6079617,10.8822319,0.04241869214821413
Tây Hòa,106.7641935,10.8261485,106.7621148,10.8262034,0.2271090019649189
Tây Thạnh,106.6226738,10.8131648,106.6228898,10.813438,0.8384796006911681
Tên Lửa,106.6149043,10.7384659,106.6147828,10.7379148,0.06270062713868714
Tô Hiến Thành,106.6581461,10.7703883,106.6716762,10.7825973,2.015485892755334
Tô Hiệu,106.6271541,10.7723432,106.6274402,10.7732289,0.10332503894746846
Tô Ký,106.6024445,10.8876775,106.6262305,10.8527736,4.67010039012891
Tô Ký,106.6262305,10.8527736,106.6200389,10.8571859,2.954030637669816
Tô Ngọc Vân,106.7511235,10.8537487,106.6713827,10.8620076,8.75632515681114
Tôn Thất Hiệp,106.6544961,10.7657693,106.6532907,10.7602645,0.6883303042468674
Tôn Thất Thuyết,106.717736,10.7571329,106.7022171,10.7530896,1.7539133223930432
Tôn Ðức Thắng,106.7062443,10.7704106,106.7062775,10.7705573,0.01671058029876242
Tôn Đức Thắng,106.8475443,10.7154014,106.7056039,10.7829212,17.228097290173285
Tùng Thiện Vương,106.6599822,10.7463121,106.6600922,10.7463656,0.013408817091034581
Tú Xương,106.6863035,10.7807024,106.6876354,10.782002,0.2050587415365567
Tăng Nhơn Phú,106.7813494,10.8342567,106.7687697,10.827184,1.5830513033027356
Tạ Uyên,106.6538517,10.7537462,106.6537781,10.754424,0.3579241798745832
Tản Đà,106.6646409,10.7510333,106.663899,10.7548043,0.4270767803516588
Tỉnh lộ 43,106.7319907,10.8770572,106.7319664,10.8772691,0.02371114762810373
Tống Văn Trân,106.6411857,10.7719941,106.6444321,10.769814,0.4295618452511927
Ung Văn Khiêm,106.7184953,10.8070705,106.7190173,10.8069599,0.058325600789684705
Vĩnh Hội,106.7008649,10.7557367,106.7009702,10.7558499,0.017051716028071606
Vân Côi,106.6565352,10.7883735,106.6560806,10.7877277,0.08730596409950778
Vòng xoay,106.6940372,10.8207283,106.6941876,10.8204546,0.034584057141624644
Vòng xoay An Lạc,106.6010824,10.7237483,106.6010908,10.7238063,0.0065142738538047276
Vòng xoay Dương Bá Trạc,106.6893329,10.7388523,106.6895522,10.738675,0.031026779722464475
Vòng xoay Lê Đại Hành,106.6524868,10.7690082,106.6524868,10.7690082,0.0
Vòng xoay Lạc Long Quân,106.6423452,10.7669732,106.6423817,10.7669707,0.0039968422973499325
Vòng xoay Mũi Tàu,106.6236611,10.745645,106.6236292,10.7456047,0.005676742867341161
Vòng xoay Mỹ Thủy,106.7748933,10.7697992,106.7748651,10.7698665,0.008092639383840318
Vòng xoay Ngã Sáu Gò Vấp,106.6800231,10.8263771,106.6798028,10.8265667,0.03199013281503422
Vòng xoay Ngã Sáu Nguyễ Thái Sơn,106.6786185,10.8143542,106.6785004,10.8140447,0.03675271759937729
Vòng xoay Phú Lâm,106.6340806,10.7540208,106.6340886,10.7539125,0.012074080379468301
Vòng xoay Điện Biên Phủ,106.6992858,10.7921176,106.6992344,10.7921359,0.005971715994888142
Võ Chí Công,106.7748346,10.769328,106.7927383,10.7917842,6.882925143868192
Võ Chí Công,106.7614378,10.7568077,106.7927383,10.7917842,5.178435837403978
Võ Hữu Lợi,106.5406398,10.7495136,106.540609,10.749453,0.0075317625585492745
Võ Thị Sáu,106.6955574,10.7915641,106.6826659,10.7785015,1.9841787110680962
Võ Văn Kiệt,106.59955,10.7169989,106.7032148,10.7687081,12.700993094988787
Võ Văn Kiệt,106.6036625,10.7186024,106.6915488,10.7581329,10.559718460482054
Võ Văn Kiệt,106.6692116,10.7503613,106.6606556,10.7491553,0.9442589726440301
Võ Văn Ngân,106.7550306,10.851171,106.7715732,10.8496933,1.8141485804828241
Võ Văn Tần,106.6956364,10.782412,106.6884994,10.7746152,1.1659327839792226
Võ Văn Vân,106.5789943,10.8114752,106.578982,10.8112677,0.023112024493238712
Vĩnh Lộc,106.5775667,10.8125836,106.577018,10.812224,0.07204441811201191
Vĩnh Phú,106.7070109,10.8838911,106.7005955,10.8701485,1.6810336648800799
Vĩnh Phú 14,106.706146,10.8683289,106.7062328,10.868702,0.042555851833558894
Vũ Huy Tấn,106.6927346,10.7959469,106.6961219,10.7956893,0.37109133955276574
Vườn Chuối,106.6838351,10.7722208,106.6840093,10.7720296,0.02853250103165412
Vườn Lài,106.6313252,10.7880016,106.6935088,10.844574,9.257310626721697
Vườn Lài,106.6932002,10.845755,106.6917699,10.8606545,1.6640956135598275
Vạn Kiếp,106.6597273,10.7504541,106.659871,10.7502217,0.030236224872538093
X2,106.755623,10.7933726,106.7559349,10.7935165,0.03763865123285154
Xa Lộ Hà Nội,106.7516401,10.8043176,106.7918394,10.8603257,7.619745230096711
Xa Lộ Hà Nội,106.7542574,10.8054703,106.757767,10.8167282,4.652490638691074
Xa Lộ Hà Nội,106.7343734,10.8000814,106.7579707,10.817913,3.429622615818033
Xa Lộ Hà Nội,106.7581999,10.8187919,106.7645442,10.8329768,4.419336635769236
Xa Lộ Hà Nội,106.7645442,10.8329768,106.7965925,10.8633078,4.901383797593282
Xa Lộ Hà Nội,106.7965925,10.8633078,106.7392519,10.8010884,9.331812627195283
Xa Lộ Hà Nội,106.7392519,10.8010884,106.7646754,10.8336803,6.131268614081456
Xa Lộ Hà Nội,106.7363742,10.8006952,106.7646754,10.8336803,4.7965670798735625
Xa Lộ Hà Nội,106.7646754,10.8336803,106.7498148,10.8030754,3.7703398225387583
Xa Lộ Hà Nội,106.7498148,10.8030754,106.7715847,10.8458797,5.37855517292589
Xa Lộ Hà Nội,106.7555087,10.8084947,106.7715847,10.8458797,4.512591788160793
Xa Lộ Hà Nội,106.7715847,10.8458797,106.804085,10.8685319,4.780430490428582
Xa Lộ Hà Nội,106.804085,10.8685319,106.810076,10.8752397,0.9921292038468589
Xa lộ Hà Nội,106.7838587,10.8557659,106.7548299,10.8069194,6.2890479635382475
Xa lộ Hà Nội,106.7548299,10.8069194,106.7714892,10.8454687,5.418246853866745
Xa lộ Hà Nội,106.7521024,10.8045382,106.7714892,10.8454687,5.019680269400013
Xuân Diệu,106.6557557,10.7954312,106.655546,10.7955147,0.024715210878933896
Xuân Hồng,106.6525329,10.7944927,106.6517611,10.7937384,0.11891885632221094
Xuân Thới 15,106.5938542,10.8691692,106.5939939,10.8689519,0.028575462767520595
Xuân Thới Sơn 21,106.597713,10.8668839,106.5977254,10.8668923,0.001644989582571614
Xã Bà Điểm,106.6148154,10.8426751,106.6147804,10.8425774,0.011516564342299942
Xã Hưng Long,106.6236614,10.6890588,106.6244123,10.6906363,0.19365024686027799
Xã Tân Thới Nhì,106.6039116,10.8598764,106.6045252,10.8590069,0.11763410517336487
Xã Tân Xuân,106.6085312,10.8746132,106.6088444,10.8748532,0.04338066284351758
Xã Vĩnh Lộc B,106.5759596,10.7888288,106.5682102,10.7800867,1.2889738342239236
Xã Đông Thạnh,106.6282581,10.8857251,106.6282883,10.8856777,0.006217250893463869
Xóm Củi,106.6605461,10.746712,106.6605397,10.7467638,0.005802176211621621
Xô Viết Nghệ Tĩnh,106.707195,10.7924505,106.7113752,10.8011855,1.0732534597742445
cầu Rạch Ông,106.6892692,10.7507792,106.6893325,10.7507855,0.006950488251937795
cầu vượt,106.6790072,10.8146011,106.6800056,10.8157766,0.17022290805574114
cầu vượt vào sân bay,106.6648834,10.8101615,106.6650353,10.8122766,0.235772836022738
vòng xoay Thái Bình,106.6882291,10.7667749,106.6882753,10.7667953,0.005533119096576029
Âu Cơ,106.6479407,10.7745839,106.6477936,10.7750261,1.0972991374938934
Âu Dương Lân,106.6817654,10.7482816,106.6819277,10.7479796,0.03797419231637122
Ðiện Biên Phủ,106.6745229,10.7678833,106.685171,10.7780742,3.9741281917039593
Ðiện Biên Phủ,106.685171,10.7780742,106.697507,10.7903743,1.9199779470380434
Ông Ích Khiêm,106.6430415,10.7665422,106.6429996,10.7665527,0.004723617846443411
Út Tịch,106.6575383,10.8009968,106.6591633,10.7934217,0.8608103042975773
Đi ga quốc tế,106.6650669,10.8130678,106.6652668,10.8144166,0.1515605553918784
Đi ga trong nước,106.6650353,10.8122766,106.6646772,10.8134346,0.1345728042217206
Đinh Bộ Lĩnh,106.7127697,10.8180917,106.7093756,10.8029327,1.7258868747173615
Đinh Tiên Hoàng,106.6958731,10.7918339,106.7024674,10.7858782,0.9784612682463748
Điện Biên Phủ,106.7151083,10.8009447,106.7199137,10.7981813,2.991892913885959
Đoàn Văn Bơ,106.7037719,10.7633776,106.7038326,10.763364,0.0068010464114169914
Đào Duy Anh,106.6740205,10.8081046,106.6781072,10.8054457,0.5353978944363986
Đào Trinh Nhất,106.7609449,10.8625105,106.7590353,10.8650568,0.3516411822774857
Đông Hồ,106.6517538,10.7841856,106.6540868,10.7836106,0.26273474820193654
Đường số 12,106.7573234,10.8159526,106.756146,10.8100275,0.671273840614683
Đường số 7,106.6190633,10.7515592,106.6193735,10.7516045,0.03425948079635169
Đường số 8,106.6894218,10.7357728,106.6896458,10.7357633,0.024494486004615356
Đướng Nguyễn Hữu Cảnh,106.720103,10.7980288,106.7201402,10.7979697,0.007726310273673906
Đướng Song Hành Xa Lộ Hà Nội,106.7326817,10.8007157,106.732697,10.8007639,0.0056140881169963
Đường 3 Tháng 2,106.6667965,10.767686,106.6489673,10.7579254,2.229629323946677
Đường A,106.5938427,10.7495269,106.5939152,10.7495472,0.008235547158201536
Đường An Dương Vương,106.6741653,10.7574828,106.6696815,10.7566055,0.4994342487322888
Đường B1,106.6402306,10.8077887,106.6403983,10.8073545,0.05163853404243379
Đường Bình Thới,106.6424096,10.7629749,106.6422594,10.7630776,0.019990534069645523
Đường CN2,106.6245997,10.8155285,106.62442,10.8155179,0.01966214177633097
Đường Cao tốc Tp. Hồ Chí Minh-Long Thành-Dầu Giây,106.8534308,10.7859271,106.7909752,10.7963832,6.9203036568858876
Đường Châu Văn Liêm,106.6583269,10.7545372,106.6583935,10.7541599,0.042580021813149974
Đường Cộng Hòa,106.6453771,10.8021815,106.644295,10.8022319,0.11832468354139089
Đường D1,106.7878255,10.8578972,106.7879739,10.8579871,0.019041006961635486
Đường D2,106.6193571,10.8011202,106.6193967,10.8012387,0.013868346645844078
Đường D4,106.6957773,10.7452196,106.6957332,10.7452248,0.00485228863093575
Đường GS1,106.7760528,10.8883021,106.7761239,10.8882135,0.012543258404250305
Đường Hoàng Trọng Hậu,106.6961929,10.7400283,106.6961154,10.7400256,0.008471972221120144
Đường Hàn Hải Nguyên,106.6496262,10.7580377,106.6489515,10.757963,0.07417120161466267
Đường Hòa Bình,106.6422282,10.7669237,106.641639,10.7670183,0.06521656705503943
Đường Hùng Vương,106.6746115,10.7610783,106.6740819,10.760649,0.0750048349910864
Đường Hải Thượng Lãn Ông,106.6564736,10.750916,106.6633972,10.7504187,0.7583753200536928
Đường Hồng Bàng,106.6538338,10.7537647,106.6695824,10.7566007,1.7490654878064438
Đường Kinh Dương Vương,106.614443,10.737327,106.6242766,10.7461636,1.4558723874787394
Đường Liên Ấp 6-2,106.5507126,10.8195165,106.5508201,10.8195126,0.011748968542766277
Đường Long Thuận,106.8596808,10.8119329,106.8596881,10.8119103,0.002636456825617696
Đường Lãnh Binh Thăng,106.6568525,10.7620808,106.6567535,10.7621391,0.012608809287154401
Đường Lê Hồng Phong,106.6730236,10.7709488,106.6730236,10.7709488,0.0
Đường Lê Đại Hành,106.652716,10.7684337,106.65706,10.7623035,0.8305547207847567
Đường Lý Thái Tổ,106.667873,10.7680397,106.6679949,10.7681015,0.014984582717055562
Đường Lý Thường Kiệt,106.6559639,10.7778843,106.6566757,10.7758068,1.336917673535143
Đường Lạc Long Quân,106.6422822,10.7664078,106.6421549,10.7632226,0.35445096957780253
Đường Minh Phụng,106.6444788,10.7618932,106.6445646,10.7618644,0.00990471574275895
Đường N,106.7159815,10.7246478,106.715968,10.7255698,0.10253233106091576
Đường N - Bắc,106.7115662,10.7336611,106.7122498,10.7320511,0.19397705315420882
Đường Nguyễn Chí Thanh,106.6727534,10.7607311,106.6740891,10.7607915,0.14606582511522928
Đường Nguyễn Oanh,106.6799853,10.8263467,106.6799069,10.8259802,0.04164275374947666
Đường Nguyễn Sơn,106.6332492,10.7810287,106.6249141,10.7834192,0.9484670453472526
Đường Nguyễn Thái Học,106.7004904,10.7610014,106.7004391,10.7610792,0.010307466436178744
Đường Nguyễn Thị Nhỏ,106.6507502,10.753478,106.6507301,10.7533959,0.00938945862582692
Đường Nguyễn Tri Phương,106.6691456,10.758935,106.6695945,10.756601,0.2641212222699298
Đường Nguyễn Trãi,106.6930476,10.7711638,106.6588732,10.7529979,4.244627911285363
Đường Nguyễn Văn Linh,106.6572305,10.7208632,106.7221401,10.7341285,7.243259980876922
Đường Ngô Quyền,106.6663734,10.7558381,106.6663734,10.7558381,0.0
Đường Pham Ngũ Lão,106.6808633,10.8251122,106.6801335,10.8262602,0.1504925150513126
Đường Phan Văn Trị,106.6778193,10.83081,106.6777619,10.8308562,0.008104929173985656
Đường Phú Hòa,106.6544818,10.785806,106.6538061,10.7856285,0.0764005136156049
Đường Phạm Văn Đổng,106.6791508,10.8139646,106.6899702,10.8193249,1.3234977849907053
Đường Quang Trung,106.6491032,10.8388107,106.6452271,10.8408842,0.48202937706639615
Đường Song Hành,106.7528475,10.8055309,106.7489288,10.8031584,0.5027849700577621
Đường Song Hành Xa lộ Hà Nội,106.7860239,10.8575649,106.7742039,10.8488622,4.24480442963241
Đường Song Hành Xa lộ Hà Nội,106.7742039,10.8488622,106.788085,10.8578137,1.813773372411134
Đường Sư Vạn Hạnh,106.6710427,10.7697703,106.6710665,10.769677,0.010695282349382834
Đường Số 10,106.7646391,10.7775374,106.7647651,10.7776559,0.019053989219180306
Đường Số 15,106.7398113,10.7738467,106.7397513,10.773475,0.04184758629332092
Đường Số 354/15 Đướng Lý Thường Kiêt,106.6587872,10.7760663,106.6587872,10.7760663,0.0
Đường Thoại Ngọc Hầu,106.6357625,10.7815006,106.6361909,10.7820031,0.07288234718049211
Đường Thuận Kiều,106.6584197,10.7552474,106.6583409,10.7546122,0.07115365442771292
Đường Thành Thái,106.666908,10.7681721,106.6636154,10.7764553,0.9887842089732948
Đường Trần Hưng Ðạo,106.6694499,10.7526979,106.658894,10.7519097,1.1564804818032128
Đường Trần Phú,106.6739837,10.757428,106.6683833,10.7526071,0.8134221763806848
Đường Trần Văn Giàu,106.6082145,10.7520876,106.6081604,10.7519761,0.013734799264847906
Đường Tên Lửa,106.6150634,10.7383637,106.6149888,10.73825,0.015042025931369983
Đường Tô Hiệu,106.6269195,10.7639371,106.6269466,10.7639255,0.0032291617347994213
Đường Tùng Thiện Vương,106.6604334,10.746712,106.6604618,10.746844,0.015002052344414176
Đường Tạ Uyên,106.6537848,10.7537874,106.6537256,10.7537826,0.006489121419821858
Đường Vành đai ĐHQG,106.8104451,10.8804438,106.8088204,10.8780069,0.32388279456901997
Đường Võ Văn Kiệt,106.6630864,10.7502942,106.6634461,10.7500276,0.0492228287509169
Đường cao tốc Thành phố Hồ Chí Minh – Long Thành – Dầu Giây,106.7886419,10.796707,106.7760321,10.7961184,1.3788805468272263
Đường cao tốc Tp. Hồ Chí Minh-Long Thành-Dầu Giây,106.7570472,10.7942306,106.7555931,10.7939773,0.1613057564704922
Đường dẫn Cầu Thủ Thiêm,106.7199382,10.7828466,106.7205208,10.7820242,0.11141071704330777
Đường dẫn Ga Quốc tế,106.6648995,10.8133493,106.6649688,10.8130718,0.03177135189390565
Đường dẫn Sảnh Đến Quốc tế,106.6636437,10.8153763,106.6633414,10.8152546,0.03568274187978791
Đường dẫn ga Quốc nội,106.6647613,10.8125831,106.6643593,10.8140262,0.16636387199252817
Đường dẫn sảnh đi Quốc tế,106.6659991,10.8153557,106.6660397,10.8154126,0.007726191379859666
Đường số 1,106.6957432,10.7443078,106.7881544,10.8671265,16.981943588939465
Đường số 10,106.7099956,10.7414548,106.6287236,10.7498061,8.926997098957779
Đường số 13,106.7663628,10.8641797,106.766054,10.8642639,0.034997170951361685
Đường số 14,106.7747087,10.8671944,106.7749133,10.8675871,0.04905025532981346
Đường số 15,106.7025956,10.7451997,106.702546,10.7452314,0.006464178477210608
Đường số 17,106.7899405,10.8599601,106.7903213,10.8599391,0.041650201390537725
Đường số 18B,106.5996935,10.7796339,106.5996261,10.7796381,0.007377085386141935
Đường số 1A,106.6934274,10.7356907,106.6934288,10.7357575,0.007429395629872068
Đường số 20,106.7225448,10.8292498,106.7225292,10.8292319,0.0026200021839046577
Đường số 4,106.6898242,10.7388679,106.6909482,10.7392345,0.12938358088985
Đường số 41,106.6997338,10.7579629,106.6997668,10.7579884,0.004586446058449291
Đường số 48,106.6987348,10.758507,106.7008649,10.7557367,0.3860533842827806
Đường số 5,106.7619572,10.87865,106.6057636,10.8060161,18.8733105682422
Đường số 54,106.5941698,10.7496063,106.594239,10.7496222,0.007763651124924131
Đường số 6,106.7485967,10.8656041,106.7272126,10.8697421,2.380058414039861
Đường số 7,106.6046711,10.7390636,106.6048642,10.7388319,0.0332987227223003
Đường số 8,106.7698521,10.8824106,106.6623835,10.8418186,12.573911648126531
Đường số 9,106.7549076,10.8629278,106.7549076,10.8629278,0.0
Đường số 9A,106.6884076,10.7292604,106.6880005,10.7288508,0.06365934221816658
Đường tỉnh 743,106.7382056,10.8873863,106.7383228,10.8874344,0.01387016500148786
Đường ven hồ trung tâm,106.71738,10.76937,106.7229301,10.7786804,1.199724334635199
Đường Âu Cơ,106.6519481,10.769155,106.6515852,10.7694423,0.05091216699033724
Đường Ðiện Biên Phủ,106.6975675,10.790616,106.6976523,10.7905389,0.012621185090235618
Đường Ông Ích Khiêm,106.6429996,10.7665527,106.6427319,10.7666288,0.030442570865409194
Đường đất,106.7001735,10.8368731,106.6929691,10.830835,1.0343417919868125
Đại Lộ III,106.7753601,10.8136383,106.7686852,10.8131985,0.7306741331518974
Đại lộ Bình Dương,106.7145929,10.8690532,106.7005934,10.8882744,2.627730965144404
Đại lộ ĐHQG TPHCM,106.8076326,10.8738915,106.8056563,10.8749777,0.24730761496995482
Đất Thánh,106.6568445,10.7821462,106.656532,10.7819,0.7708912184774941
Đặng Nguyên Cẩn,106.6316452,10.7534511,106.6332036,10.7563978,0.3692455307995707
Đặng Văn Bi,106.7634239,10.8422045,106.7634728,10.8421583,0.007410156354451094
Đặng Văn Ngữ,106.6690254,10.7937455,106.6693074,10.794193,0.05852182790076184
Đồng Đen,106.6458983,10.7969579,106.6428981,10.7889094,0.9530638583978787
Đỗ Xuân Hợp,106.7658175,10.8355189,106.7658807,10.8354781,0.008259712136196709
đường song hành cao tốc Long Thành Dầu Giây,106.7806947,10.7957644,106.7808587,10.7957648,0.017913266605873057
Ấp Bắc,106.6413422,10.7997419,106.6415662,10.8000771,0.04458532512484204
