segmentId,roadType,laneCount,speedLimit,surface,oneway,bridgeTunnel,name_vn,bearing,length_m
99164caede73fe68c3241e186ab8b3f6,,1,50,,,0,Đường Hương Lộ 8,80.895215755621,306.64251721900894
1d7231b8d528df81d1f9ec3b2ad40ffb,,1,50,,,0,,238.0973284960429,4225.604367695022
ae59daab27e9cc311ab4239b7d8254ea,,1,50,,,0,,61.10044429637725,986.5028614360991
319e11460c7bbd6075ca86bd21bc8cd4,,1,50,,,0,Đường 3 Tháng 2,240.66868879060385,1366.078364478109
3cf2976bd2f0fc0bd4d798ed3533566d,,1,50,,,0,,242.2443312027392,721.9289409238136
85d1fddd24e216ff90f392d11de5ca3f,,1,50,,,0,Đường 3 Tháng 2,62.58883332691562,526.5754138129072
ffa43bc5bba82907c4438bd343addaeb,tertiary,2,50,asphalt,,0,Đường 3 Tháng 2,240.8511286794635,1819.121138646622
d0a90352b6b43facdfe93a45cd7fd150,,1,50,,,0,Đường Hàn Hải Nguyên,61.09136239332747,2997.6867161454884
2b2ff2f849c2ea73d49650e2b9edfe56,,1,50,,,0,,241.76585897791853,862.6125382169273
4a762547c3a4fd4451bf99b3ee5cde3a,,1,50,,,0,Đường 3 Tháng 2,240.66441499783247,316.03668699506727
dd16d5f911f4bebde4a03455965f9393,,1,50,,,0,,79.35079638906012,374.8414681815748
d91b90265131199339ee8704b13d093d,,1,50,,,0,Đường An Dương Vương,275.24828410350057,34.44292987896847
51ce6468c6c99c972f4e2afece1663b7,,1,50,,,0,Hẻm 39 An Phú Đông 9,160.32612168372327,7.653023712051052
cae1a6e85fecd7f9eca9a5d94c47680f,,1,50,,,0,Đường An Phú Đông 10,168.68856246342216,127.80610523527439
f654a2c0456bdc79fca0dc59db418110,,1,50,,,0,Hẻm 180 An Phú Đông 12,85.63998350174734,61.06629976203734
b5cd2837b9e13e0cc3104ba4a757ac15,,1,50,,,0,Đường Bà Hom,277.803665547431,25.333631568574464
0ab0bbe30b553bf766c386138bb01008,tertiary_link,1,60,,yes,0,Đường Bà Huyện Thanh Quan,127.58084963362126,718.526387943095
8e14f413d9d31880d13bf0c3f0b498cb,,1,50,,,0,,159.68874917067615,243.44504255357938
60d023d22a093a8b79e09c8c30178d34,,1,50,,,0,Đường Bàu Cát,289.5947603575444,225.18259324643097
7627ab0b1fbde303b03c8cbdcf42a8ac,,1,50,,,0,Đường Bình Lợi,162.22096602415343,40.123228997869035
5a5166dbc21f47544322010e5508ab7e,service,1,50,,,0,,235.8326464681984,472.9581843642002
296cf82da1f80e6f919ba240ce482d58,service,1,50,concrete,,0,Đường Bình Thới,236.26901616135626,482.8628922120954
371d7ce99270441316f5399c2f0dc114,residential,1,50,concrete,,0,,244.19521194234824,209.1054654449474
54258e6f1615ed641d8983689e685577,,1,50,,,0,,190.67423595107394,3.87295584348513
84c72a0071b078c9e627e0fbedfbf324,,1,50,,,0,Hẻm 205 Nguyễn Trãi,30.74701584553543,4968.175803640265
7fdba408b8715704b671231074dbac64,residential,1,50,asphalt,,0,Đường Lê Văn Sỹ,156.27286120240217,64.68620494551222
b46c8137f5859c4710de829fb4828024,tertiary,2,50,asphalt,,0,Đường Bưng Ông Thoàn,334.20861201481137,69.7057747776749
321740f9a95d41d24510f4fba8bcac7b,tertiary,1,50,asphalt,,0,Đường Bưng Ông Thoàn,326.18398155756336,35.112199356267595
eaf0b3eac98ad3431971e824bac9a07e,primary,2,50,asphalt,yes,0,Đường Nguyễn Thái Sơn,110.08146676459216,3703.917091720434
ce01931b080f37fc494cddbecf6f37fe,primary,3,50,asphalt,yes,0,,274.35166508503977,583.134153695524
8dade9359da63b5250485a958e22f588,,1,50,,,0,Hẻm 234 Bạch Đằng,285.3627530997404,4437.46787089511
877655a447f9ec4ecee1235f7014eccd,,1,50,,,0,Đường Năm Châu,24.699055633744365,36.42081263056388
3ec6ea48efd434f329efc3c85d359160,primary_link,1,50,asphalt,yes,0,Đường Bắc Hải,43.395924985332215,398.3423747729099
fff4e12b9dd88ff787cd4aa83376d9a4,,1,50,,,0,,43.059626313848526,391.6559967136013
85450eb17db13de0daa85013e2eac915,,1,50,,,0,,40.865421003904544,259.7301974011401
4ae93bae3f5637120774332c79eddb81,primary,3,50,asphalt,yes,1,,0.0,0.0
86c6d1b53862fba6ffbddfe663a0d0e9,,1,50,,,0,Đường Bến Cát,144.7177823037572,10.97242686552452
a066fc80f7db72093be81e33b1cdbd12,,1,50,,,0,Đường Võ Văn Kiệt,285.56489638150265,554.7824487741711
7820bc29d61fb81cf7d988439c6205e7,,1,50,,,0,Hẻm 303 Bến Vân Đồn,238.28655828150204,234.92180643664153
b922836af148e4e4d215ccfdd08202b5,,1,50,,,0,,205.94900822950157,760.2821277901594
8a5be353a7ca6af8db973bddeb5bed8a,,1,50,,,0,Đường Calmette,322.22346787339814,365.47629352692815
6daae92ab5950853b4eff598a755e781,,1,50,,,0,Đường Cao Thắng,131.56504300233155,207.55181910972286
7da5cf33e838d9e9a32e98681880609f,,1,50,,,0,Đường Cao Thắng,311.8049441255227,97.7743213661992
ab40b762728a7099aad7ba0b631a2bb7,,1,50,,,0,Đường Vạn Kiếp,234.27971319655458,167.49815487867772
29a71d52f990ed6200f4530b3c511de0,,1,50,,,0,Đường Cao Tốc Thành phố Hồ Chí Minh-Long Thành-Dầu Giây,278.93799658729563,375.01524640454124
3f9b6821ceb1cc60893ee0a3bc6b018e,,1,50,,,0,,282.39005384390634,901.9522713396656
17d70b190ba21b19d3def3d6415b166c,,1,50,,,0,,282.00005966441097,1012.8045840760169
67f3a390a42270a7b5f8edeb37ab1f33,,1,50,,,0,Đường Cao Tốc Thành phố Hồ Chí Minh-Long Thành-Dầu Giây,280.61671619630533,992.7628581369672
6b7a9be48d13c87563c82108e85266f6,,1,50,,,0,Đường Cao Tốc Thành phố Hồ Chí Minh-Long Thành-Dầu Giây,279.6956547140675,686.0318053816734
385eee2b86f47abb1a5e0a562c42ef5c,,1,50,,,0,Đường Cao Tốc Thành phố Hồ Chí Minh-Long Thành-Dầu Giây,279.86102662296645,719.5498864707181
