segmentId,timeStamp,currentSpeed,freeFlowSpeed,jamFactor,congestionIndex,hourOfDay,dayOfWeek
e88c0e363bc77fcc349b3da8a21f330a,2602192053,20,27,,0.7407407407407407,20,3
462739a3bbbcea237190e5d1c9ca38af,2602192053,76,76,,1.0,20,3
01da8d323290ffe979f42a39cca9182b,2602192053,41,41,,1.0,20,3
9bc8b47931faf6c49b50d772aecfc296,2602192053,18,23,,0.782608695652174,20,3
18a563204a3c41de336c3185eb70bcf6,2602192053,42,42,,1.0,20,3
d1279510a820b3270a0ec33263e0af65,2602192053,30,37,,0.8108108108108109,20,3
c1c7bebd046c78de85af63031345758b,2602192053,29,35,,0.8285714285714286,20,3
426e890639ddcf1e6c1cf8633904da98,2602192053,48,48,,1.0,20,3
207b8059d345047dd0abcb2494666604,2602192053,23,31,,0.7419354838709677,20,3
dd9d8cdc74f8576ce91cf02bd60238f7,2602192053,28,35,,0.8,20,3
bbb17764ab17971373fccde4f531d83f,2602192053,50,50,,1.0,20,3
2ba21a7b022c1186a6bd163eb67f0767,2602192053,65,65,,1.0,20,3
586734e73f37826d5a6fcc21ef599bcd,2602192053,40,40,,1.0,20,3
13c69786212a09e84f5423532460824d,2602192053,35,35,,1.0,20,3
c74d02c082b9a0b321abf1042ac73b46,2602192053,24,31,,0.7741935483870968,20,3
27372df75d4c4efe6faac773f0157202,2602192053,24,31,,0.7741935483870968,20,3
34f4b4b129c789dfd02a048fdaf17cf2,2602192053,33,33,,1.0,20,3
2db8824b46eaea7a3a7625cfe984e53a,2602192053,50,50,,1.0,20,3
2ed4f83efa0e31f359e0aa4cbe78ef90,2602192053,28,35,,0.8,20,3
cd8ed76dedcba53e1ec1a61709eb2ccf,2602192053,36,36,,1.0,20,3
88b9a52dbc3089860b8a9dc8bdb4b6d4,2602192053,48,48,,1.0,20,3
c2422011f8f31f3a187441fb96d5756d,2602192053,35,43,,0.813953488372093,20,3
c42b778430ae633d72075dec287570ff,2602192053,28,35,,0.8,20,3
8c98a783c6f3cd299b4337587f4177c5,2602192053,35,35,,1.0,20,3
d78225eeac2007ffe901cc4f59317f0e,2602192053,43,43,,1.0,20,3
503a52eeed0790acd339d51c90ef176b,2602192053,35,35,,1.0,20,3
bcc1aa38858539634fe199d3044a220e,2602192053,42,42,,1.0,20,3
e953bd5473119012c73d06e77317015e,2602192053,28,35,,0.8,20,3
004763554d7d5c0057ff52156fdd59fb,2602192053,26,34,,0.7647058823529411,20,3
e0c2df18d9820d8e7d86480bb3bc85de,2602192053,29,35,,0.8285714285714286,20,3
6a1a1073ed3793eb040b278447422341,2602192053,23,31,,0.7419354838709677,20,3
bed73be1677c50f2f046617c37e1f7f1,2602192053,22,32,,0.6875,20,3
f612e003d2857a3c5f4ca5eb1c745d6a,2602192053,28,35,,0.8,20,3
e50c8117ca72788776d42858fdf060f3,2602192053,33,33,,1.0,20,3
122ab291f5ce6eaacd52fef0f5a1be0e,2602192053,21,29,,0.7241379310344828,20,3
11fa7d7807b439a61afa95b393cbb892,2602192053,35,35,,1.0,20,3
027be69fc823181c5efad393fa38dc6f,2602192053,60,60,,1.0,20,3
b034913b0db8ea0e0f47db34dc47e2ed,2602192053,28,33,,0.8484848484848485,20,3
a5e4563c9d70659a14e8573f5c9da585,2602192053,31,41,,0.7560975609756098,20,3
c4f71ed96d5e69648f2a478b08d720c6,2602192053,37,37,,1.0,20,3
8acf5046ce42e45a6af7f6a6286345c2,2602192053,24,31,,0.7741935483870968,20,3
acff0aa9e5e9b9d03efa1118acd19bf7,2602192053,28,34,,0.8235294117647058,20,3
9392f6dc4134c200638b70592002a461,2602192053,30,37,,0.8108108108108109,20,3
f1dc8ce4cb322db23c2b9cac6b8baf51,2602192053,55,55,,1.0,20,3
13280c7482e98c96f30d203bf1985a07,2602192053,37,44,,0.8409090909090909,20,3
62bba976c817ec4b5fd8813cc92e3ca4,2602192053,35,44,,0.7954545454545454,20,3
f36f4a2c666597467232faed8c6f29ae,2602192053,29,35,,0.8285714285714286,20,3
b17d2b2e52f2a84e399c29d1bd60828b,2602192053,46,46,,1.0,20,3
b76c7c2e672a8e28c050abfd7e3b5e44,2602192053,54,54,,1.0,20,3
ee143bf81ef6c5543aabb011eb71b925,2602192053,36,36,,1.0,20,3
2556d230831655e63366564107c34a64,2602192053,14,18,,0.7777777777777778,20,3
e3cf0604e32e3d72312e14ab0d2cbcdc,2602192053,47,47,,1.0,20,3
0b19b205f424b96e4d03c828b30d69f0,2602192053,31,31,,1.0,20,3
617f17e487f6cfb426ae624d1b9c6577,2602192053,19,28,,0.6785714285714286,20,3
0fe9f07e8d8d0bf0fdf3c173d11a594c,2602192053,26,33,,0.7878787878787878,20,3
a06f0832ba4d95eaf2ade3ff9cc75aec,2602192053,54,54,,1.0,20,3
28942e5886452a596f38e0e353f114de,2602192053,18,24,,0.75,20,3
2114a8daa83733939564f0044b3965ee,2602192053,28,28,,1.0,20,3
284b2bfd38f5d138a084d89b49f6d300,2602192053,25,25,,1.0,20,3
e4ca921b8b8c8df121bc8a854843c602,2602192053,25,30,,0.8333333333333334,20,3
bd2854cbd290a88ea966c59f16261cac,2602192053,27,33,,0.8181818181818182,20,3
bf83f9f462532d2945b4c37701d3a4f2,2602192053,26,34,,0.7647058823529411,20,3
fe6689bf87356beaa49abe1aee6ae6f1,2602192053,21,31,,0.6774193548387096,20,3
ca1aab5f230e07a45002c7769de3419f,2602192053,34,42,,0.8095238095238095,20,3
7cdf3303708190b5be5a14f8a041a137,2602192053,42,42,,1.0,20,3
ee8e5c07f31ce67c01399a2cf9d8a766,2602192053,32,32,,1.0,20,3
6dce28b2cc7516ec3d58778199212d63,2602192053,24,31,,0.7741935483870968,20,3
466bb4d6c9622c07c83b99a98c53923e,2602192053,22,34,,0.6470588235294118,20,3
af7e27582a90b267b59f1a41f171f0db,2602192053,33,33,,1.0,20,3
5f470e46b16d35fd7e57688fb84d2ca1,2602192053,54,54,,1.0,20,3
c38aa5c0d5fc31670bb16d46e24ef81f,2602192053,60,60,,1.0,20,3
154bf5d5eaf2b27b9c7ae8d5f03f154a,2602192053,26,26,,1.0,20,3
e7a68327d37b65f56ec12e9bbecd5f9b,2602192053,28,35,,0.8,20,3
f19507c5d2ba4f92043b380fbd1143bd,2602192053,25,31,,0.8064516129032258,20,3
df5bae83af8b0b13b9e5884a04161c2b,2602192053,20,30,,0.6666666666666666,20,3
64c8643d5e28799cbf41fc964fd7334f,2602192053,35,35,,1.0,20,3
95663aa7774de6fa5a13df7cf9fabdcd,2602192053,32,32,,1.0,20,3
2841c95463a3d7100909096298093751,2602192053,51,51,,1.0,20,3
2f4a55ce9a5fa3e05333bbe689b7dd5c,2602192053,46,46,,1.0,20,3
383393907c7f620b6bdc6c5167ffc7ea,2602192053,14,24,,0.5833333333333334,20,3
e99d612abcdb1aa47d6366a53ef69b54,2602192053,42,42,,1.0,20,3
97ece6881770d3a750145454b0eba53f,2602192053,48,48,,1.0,20,3
9db60285c5aba8e4758548a35df9479c,2602192053,14,27,,0.5185185185185185,20,3
56f8e0ad79df8895683a9feb100311e3,2602192053,50,50,,1.0,20,3
a601faf941180d6f514547433f9fc9c1,2602192053,26,34,,0.7647058823529411,20,3
4126133ba8c074ad87e634a301da4515,2602192053,45,45,,1.0,20,3
9ac96f90cf069f440eb6b1450f965664,2602192053,76,76,,1.0,20,3
ae6e53218c23c10ecec8c155190e7bfa,2602192053,42,42,,1.0,20,3
9fa79388ede773e6f7a8c04435dace94,2602192053,24,31,,0.7741935483870968,20,3
4d6f877e3c314dae8b6517beb92a839a,2602192053,29,36,,0.8055555555555556,20,3
8ba1b6430fe0b2c23d41ec8f519e70a4,2602192053,29,35,,0.8285714285714286,20,3
fce84b58cd04a6c31addbc4642da5067,2602192053,37,45,,0.8222222222222222,20,3
9584842369de849d49ca4b98ac061f7e,2602192053,35,35,,1.0,20,3
c9881e1155fa8c585a08bb59a2b4a587,2602192053,34,34,,1.0,20,3
37a0acc3e683bac6166b2e5ba5e87f8f,2602192053,18,18,,1.0,20,3
d4865f31b7f781ff958977d335e6317f,2602192053,47,47,,1.0,20,3
85b42b6150df36f34e9d5fda30436b63,2602192053,25,31,,0.8064516129032258,20,3
2730dd4606067d1c010abefbd8ac6613,2602192053,37,45,,0.8222222222222222,20,3
88bf4e4ffb2a462a1122084c83fdb632,2602192053,42,42,,1.0,20,3
41c997c76aa8713daea851d5bdce243f,2602192053,45,45,,1.0,20,3
ed9d2fe7fad24df69028b76553df9f38,2602192053,42,42,,1.0,20,3
92c91abfa55714fbf0e683103dc33d7b,2602192053,35,35,,1.0,20,3
d89dc99c3ef56c48c5babbef4c8e1a6e,2602192053,31,31,,1.0,20,3
52cdc0e61ada8b00df6632e3ffec16b7,2602192053,25,36,,0.6944444444444444,20,3
8432706ddfa3bd4f7e8e92b706615767,2602192053,40,40,,1.0,20,3
fc74b3e5da44e5ad408f5a572b301557,2602192053,45,45,,1.0,20,3
a0e02a69aa7d0159020476b386d91d14,2602192053,35,35,,1.0,20,3
46f1245f3c3dd17569d1b9bd9202ae74,2602192053,47,47,,1.0,20,3
bd15cdf2443ffff13238370d8062b5fb,2602192053,43,43,,1.0,20,3
2aa21b5dd9ff3a464145cef7f08889ab,2602192053,25,31,,0.8064516129032258,20,3
999240a4ab503b22f19c696109bcbe94,2602192053,32,32,,1.0,20,3
1466c020e99f158bc681fbe9cf2462f4,2602192053,42,42,,1.0,20,3
c681d711b794c600c2722679ed3c852b,2602192053,23,31,,0.7419354838709677,20,3
fc787df1ccf2e5af1dd54eefac5aa44a,2602192053,26,34,,0.7647058823529411,20,3
f78571b43a2b620f8b9e270aca8d5bf5,2602192053,24,35,,0.6857142857142857,20,3
d737814296abfca787a167bd13378e48,2602192053,43,43,,1.0,20,3
e064b86e937a58143c41b4cae49a8ba0,2602192053,14,24,,0.5833333333333334,20,3
473d44262db17e4c46a10c198b2f3462,2602192053,22,22,,1.0,20,3
577b52e868d2968834d551409c07a7d1,2602192053,21,31,,0.6774193548387096,20,3
0e953b79161835a0453fcb875a0f0b04,2602192053,12,28,,0.42857142857142855,20,3
3b6ed8c81c828bffe5d77f08c8efd383,2602192053,27,33,,0.8181818181818182,20,3
d8f557cc25300d076a19d1974fe68dfe,2602192053,24,31,,0.7741935483870968,20,3
06b740b39c2d0310094bdfd63c499503,2602192053,43,43,,1.0,20,3
2fdb7fcd9c16a45404aec4afb56a832f,2602192053,44,44,,1.0,20,3
08c2e261ac20703a156905c27829383b,2602192053,42,42,,1.0,20,3
0bc64c9eaf59c89588c946f3cebe9c73,2602192053,36,36,,1.0,20,3
78ca4cebe4c9389bbd2e07e25e744bf4,2602192053,50,50,,1.0,20,3
0574be08a5b424e6f48ee176c323e505,2602192053,48,48,,1.0,20,3
a2b54e89c92fd7d95dcad528d43948cb,2602192053,37,45,,0.8222222222222222,20,3
de70e82eede9d2514175a776b5cb4d7a,2602192053,26,34,,0.7647058823529411,20,3
3b3b6c71bc56224573802ca93475fbc5,2602192053,41,41,,1.0,20,3
f46949423d1ac9a513549b424ec67f1c,2602192053,45,45,,1.0,20,3
52788014c29a96c068e05b118e09cd33,2602192053,26,33,,0.7878787878787878,20,3
47fc648230b7de5f2c29d628b85a65ee,2602192053,41,41,,1.0,20,3
46c0c2790a8a1719fe306472a400ab07,2602192053,28,35,,0.8,20,3
68db76c9373f49056681526e191e0583,2602192053,30,37,,0.8108108108108109,20,3
76e1db11363c360f32711fb234cae577,2602192053,20,27,,0.7407407407407407,20,3
4eb9c27994813c95cc7036a32b651fe8,2602192053,17,25,,0.68,20,3
1d611ede504a7f162525d00a6e78a460,2602192053,38,38,,1.0,20,3
8642ba5de0a0903a6ef41e8590abea1e,2602192053,32,32,,1.0,20,3
f4e7e56f71bce92f91b91f405c2f77f4,2602192053,22,32,,0.6875,20,3
8526ec1e6896fab33150b5f523f79b1f,2602192053,46,46,,1.0,20,3
62402029b57640c8eacaa9d2527e6b4d,2602192053,42,42,,1.0,20,3
b781236dca5bfa835b4da640e17c1220,2602192053,24,32,,0.75,20,3
96d7daf04b99a2699c9f412fb0b6daef,2602192053,20,30,,0.6666666666666666,20,3
ddf8f4271bf8a3071dda6e9927384ecd,2602192053,41,41,,1.0,20,3
4dd9e991f88ee9492b950463486d683f,2602192053,41,41,,1.0,20,3
67ec94671f0bc057046b4e0895dfaffc,2602192053,35,35,,1.0,20,3
f1bf89aa344b3fa676bdeb7511f27ff2,2602192053,21,31,,0.6774193548387096,20,3
40955e1bd0c62c4b1d79018f4179f9f3,2602192053,37,44,,0.8409090909090909,20,3
4b575c9d2947749b43683af1c947e8ba,2602192053,48,48,,1.0,20,3
9167a08ea55ac52b08f6b56c411a19d9,2602192053,42,42,,1.0,20,3
85e2e72aec9dee56122ea49035d33045,2602192053,25,31,,0.8064516129032258,20,3
bf4708eaf17fbb86c9ae850f43865c67,2602192053,65,65,,1.0,20,3
646f30dd1792b450edd72a8b03b4d4a1,2602192053,48,48,,1.0,20,3
3b3d304f8c880590d58654e66884b93b,2602192053,26,33,,0.7878787878787878,20,3
c473be2a906444d0369597a00f2d02e2,2602192053,29,35,,0.8285714285714286,20,3
98619554916c26e823cd7c04cb29a6a6,2602192053,48,48,,1.0,20,3
18d4ab9c8b751f7b1c0c597bfcf7e39e,2602192053,45,45,,1.0,20,3
9bd344d304f609e0f83ef64cbd30be96,2602192053,22,32,,0.6875,20,3
d2a7891f1a18334f965a82d8a2bd3092,2602192053,50,50,,1.0,20,3
07321467c05d00dbf9cbe2366f920f7e,2602192053,42,42,,1.0,20,3
a46e29b78187b5eed27b3915342fdf33,2602192053,37,45,,0.8222222222222222,20,3
c4b1c41289e4bdf48e68c030f3f557e7,2602192053,29,36,,0.8055555555555556,20,3
5b251b151ca19b90f029eb89279e3e07,2602192053,28,35,,0.8,20,3
89d31f39685d4f05434325db6b5c6154,2602192053,25,39,,0.6410256410256411,20,3
55ccfe3b8cc62092c0f683d3150576dd,2602192053,23,31,,0.7419354838709677,20,3
f2a05b23bf38e56398ba39446e76ef8d,2602192053,23,31,,0.7419354838709677,20,3
fdc1aacfa4168fffae9856f1fa30e9d5,2602192053,42,42,,1.0,20,3
7dde19970535d45dccf4118ebf4524a0,2602192053,48,48,,1.0,20,3
2f2e6fe30469f229c442a73a80423bda,2602192053,25,33,,0.7575757575757576,20,3
4bfe3b807cfd49a98be08f9ab6839b9e,2602192053,48,48,,1.0,20,3
f11bb2da1cbf53716dae3b5f75267ee3,2602192053,24,31,,0.7741935483870968,20,3
2b0bc45a81fd9a4419a21ac6088ed041,2602192053,42,42,,1.0,20,3
b73228e412e8a5d08877cceaa999f489,2602192053,32,32,,1.0,20,3
12d3a9fc305d289f31982ab0acb41e0f,2602192053,31,38,,0.8157894736842105,20,3
d18c46c069be2690a1c26b659bf92135,2602192053,50,50,,1.0,20,3
c9472c1c9fcf514ea01d4cf24f6866f1,2602192053,28,28,,1.0,20,3
a0b44161ed410c184c983724dfa07252,2602192053,43,43,,1.0,20,3
1870df5844f4af28e65edfac6b53652d,2602192053,21,31,,0.6774193548387096,20,3
1022732a3b7b3ea15987ac955dbd8cfe,2602192053,76,76,,1.0,20,3
3919265f755ff3372913fdf9da3d8e0d,2602192053,28,35,,0.8,20,3
43847130cbddb8c953130fbb86b19fee,2602192053,36,36,,1.0,20,3
d444352236addcae66e48a8fe6970800,2602192053,47,47,,1.0,20,3
e23aa559c9c01e541fc10a4531bda19d,2602192053,48,48,,1.0,20,3
c5b1ea0842ebdcc893d781ad3211b881,2602192053,21,31,,0.6774193548387096,20,3
47225ee6c5f0137b2c470d26148d1eee,2602192053,21,29,,0.7241379310344828,20,3
d862ad18296652124d653243e1048d0b,2602192053,29,29,,1.0,20,3
c7f974468c7b0c362a24ad69e74633ce,2602192053,42,42,,1.0,20,3
006617d947065eb63086939750bb7b5a,2602192053,34,34,,1.0,20,3
89717ea83c8ba2f96612daa0c91e34a8,2602192053,35,35,,1.0,20,3
1e771776d9f79982c59070aa473a54c1,2602192053,31,38,,0.8157894736842105,20,3
ad7e9d6a853c7137ca449c8145416192,2602192053,20,30,,0.6666666666666666,20,3
b1d429ba02f2f17bb9fc130ff42dce60,2602192053,32,32,,1.0,20,3
d6f2de11e1b66fca0d929e943b0562a7,2602192053,20,30,,0.6666666666666666,20,3
84db58a472e8ad0e3d27abc40f9e2e27,2602192053,28,35,,0.8,20,3
6ed98cccd83bcff707db33bcfb65a706,2602192053,25,31,,0.8064516129032258,20,3
8aad2f1a8e71dc7854c9f516e438a7ff,2602192053,27,34,,0.7941176470588235,20,3
ca861cbd2d21ed732fbcd70fa43f3976,2602192053,50,50,,1.0,20,3
f8083127d46b57057c4d114df2d89bfe,2602192053,42,42,,1.0,20,3
96004a8f4a4592e1118f6f3f5c2cca40,2602192053,43,43,,1.0,20,3
095698ce800daf4e2c9b311114fb1d62,2602192053,22,30,,0.7333333333333333,20,3
4895366b846a0574cf37efaf368c4c53,2602192053,45,45,,1.0,20,3
b90c85032364242daf8fc75cf925bf3d,2602192053,17,28,,0.6071428571428571,20,3
3c1a18ca1847fb4da1829a5e44082b35,2602192053,38,38,,1.0,20,3
47a22e4be6958e75f3ac2fb7065ae8b5,2602192053,24,31,,0.7741935483870968,20,3
cb9cbff3208865a5372fc55c4def94bc,2602192053,76,76,,1.0,20,3
a3c811d22d6bb419b53b7d4d45355d7d,2602192053,21,32,,0.65625,20,3
866f3f7f8851f576a4bebb964e78b9b6,2602192053,28,35,,0.8,20,3
c0d508fd4f90961ca798b445541afcfa,2602192053,37,45,,0.8222222222222222,20,3
7836f890b894b53ff41c6eabe17acf97,2602192053,28,35,,0.8,20,3
2925c7fc647839023a984792b251fab5,2602192053,26,34,,0.7647058823529411,20,3
c2c78c3de8a80ca1a12efb40adac013a,2602192053,42,42,,1.0,20,3
d76bf92fe2b2fed981409c0c8ee7065e,2602192053,31,31,,1.0,20,3
5caee121e4cd59a926bb14cc35e5c139,2602192053,10,22,,0.45454545454545453,20,3
ca7b6509c398f0899d0a716252f1921f,2602192053,31,41,,0.7560975609756098,20,3
ce5da5be37b4776e0a8d724e46f51d94,2602192053,42,42,,1.0,20,3
dbe81dfc238e97e622a8c985e761244b,2602192053,47,47,,1.0,20,3
4e4d51c13964ca8477f3f37e461b8f5b,2602192053,28,35,,0.8,20,3
9cb58614530ecf30d2a77539d89a7f89,2602192053,15,25,,0.6,20,3
d4d5c2c0c8fcc45c68f49037c4a3f9f1,2602192053,28,35,,0.8,20,3
db6f0be55a429067f7a544a991a6a4be,2602192053,26,34,,0.7647058823529411,20,3
975c6445c140914c3729d2f1527050a9,2602192053,32,32,,1.0,20,3
e1922e21487ff727dc0e188cb2360754,2602192053,47,47,,1.0,20,3
d06fa18a44cc11b5cb35531f08763637,2602192053,42,42,,1.0,20,3
b9a81c90f88cfbec7daa081068904c5c,2602192053,35,35,,1.0,20,3
3f98140d120860d5c2f4256ff7bd9bb0,2602192053,28,35,,0.8,20,3
acecc1c6c4cbae602231c03964097861,2602192053,33,33,,1.0,20,3
b5d6580b77efbb493215914dbc04c6ce,2602192053,28,35,,0.8,20,3
bca979ab21df9bc4aa00f1861bbf7b5f,2602192053,45,45,,1.0,20,3
aae51155f23bfe36bb290632a4ea7a40,2602192053,42,42,,1.0,20,3
3f0e7982714620a13cf43f36b32f6254,2602192053,23,28,,0.8214285714285714,20,3
dc9858e3ddaa4873a502fd67ef9159e6,2602192053,26,34,,0.7647058823529411,20,3
63f5d73229b180eb2cca9f2830c43aba,2602192053,48,48,,1.0,20,3
4479ef6fb17e96c8e1b183ce8dd0cc7c,2602192053,28,35,,0.8,20,3
8dd6241c51a348f034b553601993e4c8,2602192053,28,35,,0.8,20,3
151fb1f7b0cbc485411022d1d1bd8c1a,2602192053,24,32,,0.75,20,3
b1ef53a6a011125d5066fcbb0afb77bb,2602192053,46,46,,1.0,20,3
9ca873568b4875c93ca453b323da5964,2602192053,18,27,,0.6666666666666666,20,3
2e5f90633d0e18651201b04a87753d8a,2602192053,27,32,,0.84375,20,3
5305422bf3587c88ba64be374edacae7,2602192053,28,28,,1.0,20,3
05adcd234cded6a774ceec131b4adf22,2602192053,19,28,,0.6785714285714286,20,3
e1b28c522b21bdb9bede69def7995503,2602192053,26,34,,0.7647058823529411,20,3
7419e0bdbc3520c0478f98b10aecae2d,2602192053,28,33,,0.8484848484848485,20,3
152e50fd56acf354e11e42658a922523,2602192053,37,45,,0.8222222222222222,20,3
50948887e0902ba49ded83ea72ceceab,2602192053,30,30,,1.0,20,3
500ef44f95ea2002a80fc5191d91ee01,2602192053,42,42,,1.0,20,3
201488bb3de8ef29dcf8d3acdf7de5a4,2602192053,23,31,,0.7419354838709677,20,3
f184921b0410e1b783918f18f42f38a7,2602192053,30,30,,1.0,20,3
73634f8ad2586c29ac0a7f925ebc3bd9,2602192053,23,31,,0.7419354838709677,20,3
b73c5af1fc3f5d436c8d3ce2f74888f0,2602192053,43,43,,1.0,20,3
0e03bfffb12c2edc7f7870fe6ef80b49,2602192053,13,26,,0.5,20,3
b64e8439cb1abbd1876741cb4edf3702,2602192053,35,35,,1.0,20,3
5b8053e0618b2470c3c3f607df9016f8,2602192053,47,47,,1.0,20,3
e445fd08483474eda40056b41e5ba69a,2602192053,42,42,,1.0,20,3
11b51493bbc02b0a4e129b941ac20eaf,2602192053,31,31,,1.0,20,3
833a579b61d99303441d115baa2cbf21,2602192053,29,37,,0.7837837837837838,20,3
4b5ec51530a6524417a3545083ec7368,2602192053,18,24,,0.75,20,3
486d67142ac57b6c944c7420bb882400,2602192053,23,31,,0.7419354838709677,20,3
00e8ba8b2c06a486cd668f50ae21c0c9,2602192053,48,48,,1.0,20,3
990d433207a3530a05835650f75c799f,2602192053,60,60,,1.0,20,3
8b3b71d530c2106c0f013c05e3e013c4,2602192053,26,33,,0.7878787878787878,20,3
b3fb460d789e3b5c5942e706cfd086c4,2602192053,46,46,,1.0,20,3
6daf8eed36019e33af985c928b7c5e9c,2602192053,27,33,,0.8181818181818182,20,3
5972fadbb63edb8d262a63569e30a0a8,2602192053,20,28,,0.7142857142857143,20,3
5a36fb83067029c63fa99144e1bc20c2,2602192053,45,45,,1.0,20,3
b1a8ab0e95f9f33d4bfb70a469a110c2,2602192053,22,32,,0.6875,20,3
dfde80aeff2437be9ee5bed2bb0987f9,2602192053,28,35,,0.8,20,3
6748b94dc06cd283cad37c2495c4007a,2602192053,37,37,,1.0,20,3
18bf39968092b7b1d8c6fa72b189fc52,2602192053,50,50,,1.0,20,3
b54dd2244ca0d6fa8192bbda480da3d2,2602192053,44,44,,1.0,20,3
9af69c04e88b06af05fdf8e7b56b22fa,2602192053,54,54,,1.0,20,3
a5ef4b295c455223cd896c8c62b080c1,2602192053,48,48,,1.0,20,3
b141e8f8645b9b5469db2145b62b3813,2602192053,50,50,,1.0,20,3
cb127ec7273e6b93e9a625a91fdb8dac,2602192053,26,34,,0.7647058823529411,20,3
0a4f36a0f9b133329d806e5877bc2ef4,2602192053,36,43,,0.8372093023255814,20,3
0d5da0860f9d5bea8a1602a26f99f7da,2602192053,16,27,,0.5925925925925926,20,3
83eca6d84fc11ae9a41be4baf1b41735,2602192053,44,44,,1.0,20,3
8247073514224f37c9a70b93b8ceb8ce,2602192053,13,26,,0.5,20,3
74f33677519e04cb67b57aabbd4d6955,2602192053,42,42,,1.0,20,3
24bd2043fa798b19656966216bef4872,2602192053,34,34,,1.0,20,3
251af238762e645b058f1c0965984991,2602192053,29,35,,0.8285714285714286,20,3
02d3d016002b2a44786e74cf4b327981,2602192053,25,30,,0.8333333333333334,20,3
424e09b8aeeda816e02c9570c01260f0,2602192053,45,45,,1.0,20,3
d53894a3c30841cdfcff9e5b90ac1604,2602192053,42,42,,1.0,20,3
6321223ab14d0156239d917774864c37,2602192053,47,47,,1.0,20,3
fa8865918d72524c27a93e1bac31bb51,2602192053,28,35,,0.8,20,3
7d4ee8fc8122b64750b9b7d79b5f6363,2602192053,42,42,,1.0,20,3
17493a6ef38045c9393e35f6af28c3bb,2602192053,21,29,,0.7241379310344828,20,3
cf20fe8cd090f78f175c6e792beb5dd2,2602192053,28,33,,0.8484848484848485,20,3
f3b60e98f390a61c50f74f4fec3f59d6,2602192053,23,31,,0.7419354838709677,20,3
4865756fcffb0bb40cf5c8cb905f768b,2602192053,18,27,,0.6666666666666666,20,3
336ba788afdca70fe6b18cfe53af2eb1,2602192053,17,25,,0.68,20,3
58351dfec5529975503abf95c95e255c,2602192053,57,57,,1.0,20,3
4d846ee4fbbff8a12f2bf333af862785,2602192053,31,31,,1.0,20,3
7e009c5b12f4f095ca8c6c5b22948e59,2602192053,23,29,,0.7931034482758621,20,3
03100ca47d97e076a6e22ce11f36379f,2602192053,23,31,,0.7419354838709677,20,3
2dc02b467e80d7a8efe21aa1c2497710,2602192053,26,33,,0.7878787878787878,20,3
d66f17f759f1d6d1db664cfda6f47395,2602192053,14,24,,0.5833333333333334,20,3
ac421cdad10107e0e806848a54354090,2602192053,22,29,,0.7586206896551724,20,3
d3efcd43b88ef939948917c39e77e618,2602192053,33,33,,1.0,20,3
abaafbbccc7e4bca02d64ddabb55abe0,2602192053,22,32,,0.6875,20,3
672fc1649ef7344d3c6251f322cbf61a,2602192053,37,44,,0.8409090909090909,20,3
8fd88eb57aaaf7f6b87fcc9e36f89cb5,2602192053,28,35,,0.8,20,3
17e5e7bf0876f708c525a07e846bd25d,2602192053,35,35,,1.0,20,3
fb7785d7b78cb32e469d18512016657b,2602192053,20,27,,0.7407407407407407,20,3
1a310ef13193c003a664ccf4ea02d9a9,2602192053,41,41,,1.0,20,3
4db57af35ab40b4ec03aff974b516941,2602192053,24,32,,0.75,20,3
7ffb8de4d21db8300d38d7c0638332df,2602192053,35,35,,1.0,20,3
7d16b64cf23c20a73d8aa937a1e7c0f2,2602192053,31,38,,0.8157894736842105,20,3
156a8e49115c10f7bb7a54ac821090dd,2602192053,46,46,,1.0,20,3
3737027b071d0e01cef8fd71a2070662,2602192053,24,31,,0.7741935483870968,20,3
fd753916ddf2cfe62ad699ecd717bc1c,2602192053,23,31,,0.7419354838709677,20,3
700eccfa103713265dd1b4f9fad9d5e7,2602192053,20,27,,0.7407407407407407,20,3
f9c076f55719738ff94e92d270f806d2,2602192053,29,35,,0.8285714285714286,20,3
52d9a00af191cb634f0a4cadda92d352,2602192053,28,35,,0.8,20,3
d8e0911e523f50605253a8845a0ce64e,2602192053,21,31,,0.6774193548387096,20,3
75d394273c3c80c6492b02442d72e789,2602192053,43,43,,1.0,20,3
895d920ea3fcdc04fe052dd601632da7,2602192053,32,32,,1.0,20,3
24bc515237f1ce7e4fc73c5a7b188cdd,2602192053,39,39,,1.0,20,3
d760f5009004513c3cb4a660655a54fa,2602192053,46,46,,1.0,20,3
02b49abca5fd49020ceed3075f71947b,2602192053,24,31,,0.7741935483870968,20,3
84e10381736bc492d738c9e73bfc7d39,2602192053,35,35,,1.0,20,3
5cdef391d8fb95d0951bf979aa488f31,2602192053,24,32,,0.75,20,3
b55a9d855df44549de2f27f3bde96461,2602192053,23,31,,0.7419354838709677,20,3
e2bebe15e14608ff71acb3f5222650d6,2602192053,17,25,,0.68,20,3
13078e73de48c4f86dc46eafffdae9a8,2602192053,15,25,,0.6,20,3
c7b27b3ab9ffe0c826328fb41a209b50,2602192053,14,24,,0.5833333333333334,20,3
14a7c1928bc0f39a2778102797757f46,2602192053,22,34,,0.6470588235294118,20,3
0332af0ea1b502008307d906e9f10a24,2602192053,21,31,,0.6774193548387096,20,3
cae6c2b517e97832a69998c811c7a823,2602192053,50,50,,1.0,20,3
172cecaee283385cfba17d573f5029c0,2602192053,9,25,,0.36,20,3
a8560f1f3eb4a82adf627829ec660f95,2602192053,43,43,,1.0,20,3
c255557e22b12f85a98e7481f1fd1056,2602192053,29,35,,0.8285714285714286,20,3
ded27266ba38b64bd1a7da8b8c741dbe,2602192053,37,45,,0.8222222222222222,20,3
fb432336adb12ff83fc48e2a7c342619,2602192053,33,33,,1.0,20,3
591d0a01e414af7672d612d9f4505e91,2602192053,50,50,,1.0,20,3
a1ab0b0c6c91e0c536be7ab904e34260,2602192053,50,50,,1.0,20,3
2fb219f172e3eb2885e80d7195c5a0eb,2602192053,31,31,,1.0,20,3
5797ec3bd0abc810bf220685c5c9d8ec,2602192053,42,42,,1.0,20,3
d39a5bfbd2eddb7bc701adf4b86d8f32,2602192053,35,35,,1.0,20,3
15c1706c44aa5be8bf3a5fbb1623642a,2602192053,42,42,,1.0,20,3
430d201904c0ab5ccbd706797edadd93,2602192053,20,30,,0.6666666666666666,20,3
0c9f8d5f24dd32e45b72fc7ec206e4b8,2602192053,48,48,,1.0,20,3
e5999d3b03c0cddbd0770f0946d33b63,2602192053,60,60,,1.0,20,3
c8e96e25275c8d5ae036e37d00c103d5,2602192053,29,35,,0.8285714285714286,20,3
6d2d1b61addd09ddfb77f518d2d923e4,2602192053,26,34,,0.7647058823529411,20,3
8b8bc187c7118af31b23cd8d4d653e22,2602192053,35,35,,1.0,20,3
fcb5b4443f46270a6d2ec121e709ea93,2602192053,42,42,,1.0,20,3
997bf42e62f78e3fd857c39bf75ce24e,2602192053,26,34,,0.7647058823529411,20,3
15a514eb0a68f8e4b904abcd7a9445a0,2602192053,27,32,,0.84375,20,3
83a88e9e76240fc746190918713bd147,2602192053,46,46,,1.0,20,3
b2f31f21bc4f7f485c650e4b48e05bba,2602192053,42,42,,1.0,20,3
1ae046bfdf08ffb64da81e5019c918fb,2602192053,29,37,,0.7837837837837838,20,3
877632cd68ebfefc059abe30556d2afc,2602192053,21,31,,0.6774193548387096,20,3
bb828b4850f478b95505dad5f027d1f8,2602192053,37,37,,1.0,20,3
61b7f245c86730a0a4985c1a15d36464,2602192053,20,30,,0.6666666666666666,20,3
849a908798055c3fd782e19fadfdf437,2602192053,14,24,,0.5833333333333334,20,3
2dc3ba97a1fff3a7b9b0f79490f5c512,2602192053,29,35,,0.8285714285714286,20,3
fadb8911a298e6e22bd0c57fec826309,2602192053,27,33,,0.8181818181818182,20,3
5756329cb90619cf28dedb21a748eb39,2602192053,29,35,,0.8285714285714286,20,3
4a7785a5de0c21b06bb0f3cba9dc55c4,2602192053,46,46,,1.0,20,3
c652a47a5426f038185a5b56bf824ad4,2602192053,29,36,,0.8055555555555556,20,3
2d039383ef2ba69c930dafb0423c5012,2602192053,21,31,,0.6774193548387096,20,3
9bfc7400431048abd64a4cc61669f2ee,2602192053,23,31,,0.7419354838709677,20,3
683eb6ab2f5b246fe5f26810dcd622e6,2602192053,43,43,,1.0,20,3
5d6a4c6ae8caa9bc9a8da728cbba7185,2602192053,27,27,,1.0,20,3
2c3fb211897a896f81608244b8eee94e,2602192053,26,26,,1.0,20,3
a95a7d82612394c5269490fe1fa6e9ba,2602192053,35,35,,1.0,20,3
0f6826408edc1a970fd5b5beeb53cef6,2602192053,76,76,,1.0,20,3
8246bbb5da347664c578a639441747f5,2602192053,24,30,,0.8,20,3
29bfbd1d32de15eb7d4f37994e8bb20a,2602192053,28,35,,0.8,20,3
9be89ebd549278b6409ae170ce055219,2602192053,35,35,,1.0,20,3
b9375b219a25dd956ee85c399befe75e,2602192053,42,42,,1.0,20,3
36026cc0a25d09a563b0d5cb202b2133,2602192053,35,35,,1.0,20,3
4ae9fecb0abe7efc116d4b8c87b7bf09,2602192053,26,33,,0.7878787878787878,20,3
e675577666979c3d50bf6b09e08c3ab4,2602192053,14,24,,0.5833333333333334,20,3
ac3959002b236173598a02ed9d1aef3e,2602192053,32,32,,1.0,20,3
bbeb07f9a089bedd155baaa9b579d55a,2602192053,24,32,,0.75,20,3
7f2cbe430a19ed2a77f2af4e04d160a9,2602192053,21,31,,0.6774193548387096,20,3
1a0b266f87ce09c5062731a337cb5305,2602192053,30,30,,1.0,20,3
1552da34392627070cba42efae9a574d,2602192053,22,34,,0.6470588235294118,20,3
f6f39fea4413436fd43bcad285aec443,2602192053,25,36,,0.6944444444444444,20,3
aca185381368ac8e9b28deced654d749,2602192053,29,35,,0.8285714285714286,20,3
2148ea5975bb64db5cd5ba27a32293f7,2602192053,19,28,,0.6785714285714286,20,3
5917b369afca6137b107572410bb1323,2602192053,28,28,,1.0,20,3
1d45efd1ac8d07414291cc6effe7b05d,2602192053,35,35,,1.0,20,3
dda2a1e87c59a2e39efa3122675cacb1,2602192053,50,50,,1.0,20,3
262e3d246e41bb82cb336c0ed4ec9f4c,2602192053,21,29,,0.7241379310344828,20,3
7a96112d362872bb78c362ee62d52ec4,2602192053,32,32,,1.0,20,3
8c6f66089f90e8df23b328057138c6ef,2602192053,28,35,,0.8,20,3
0ec8d55dbef473caa515d93c0d8dff3d,2602192053,29,35,,0.8285714285714286,20,3
840403b22d593caadceaacb7417b35e1,2602192053,40,45,,0.8888888888888888,20,3
a33a91a07d282e1d4e44e6b6d0b2ce78,2602192053,21,31,,0.6774193548387096,20,3
4869ffae04cd771f60b7dfcaead0a72a,2602192053,50,50,,1.0,20,3
c79e0d00e85497fce363bc5941b9790e,2602192053,36,36,,1.0,20,3
4179293f1d7048164c545735666c28f5,2602192053,18,27,,0.6666666666666666,20,3
828f2106f0b594eab9910bbf76537fb5,2602192053,25,31,,0.8064516129032258,20,3
5ac8ab720c4fc706d9b6089f2be91f8f,2602192053,26,34,,0.7647058823529411,20,3
cb22b0ad812013907763194e3b1cd3ab,2602192053,42,42,,1.0,20,3
2478b55968bec83c8f55f45ed0c5ce05,2602192053,32,32,,1.0,20,3
95fa1c4788cc4247253785413369152d,2602192053,46,46,,1.0,20,3
d28f9805e77813f319c677cb444dfce1,2602192053,23,28,,0.8214285714285714,20,3
7268a0cbcb38ce6c6da00a0c00cd19d3,2602192053,24,31,,0.7741935483870968,20,3
08cb94a91fd6487c533a0375a3f8ef27,2602192053,44,44,,1.0,20,3
553cd450e7e5720b1a697acfceed571f,2602192053,24,32,,0.75,20,3
3997ef62f386300a60d0e9d5b967f9fc,2602192053,30,30,,1.0,20,3
19676bcecea8e9f36969cba27840c18f,2602192053,50,50,,1.0,20,3
9aa1f103fd5987fb7140b35d565df4be,2602192053,29,36,,0.8055555555555556,20,3
03af47e842702948cf19211fa738c9c7,2602192053,42,42,,1.0,20,3
da143e632ea8cae1cdb6d5b5f75a3293,2602192053,42,42,,1.0,20,3
d9cffd3f6c68e5f070a6a5440309d889,2602192053,23,29,,0.7931034482758621,20,3
c9b2939c8ba6b984ae95e6e041175d8b,2602192053,37,37,,1.0,20,3
0fae0c7df67bdb838bb2be8328a4e1e8,2602192053,35,35,,1.0,20,3
46d9520db20a1789cbbea66ac6514000,2602192053,20,30,,0.6666666666666666,20,3
22be54a3d43cf3d93eed4d521d92093f,2602192053,24,31,,0.7741935483870968,20,3
dd34d9aed9a90910945ef18899bf4d99,2602192053,45,45,,1.0,20,3
d2f39440d6751237110f89f1b093040d,2602192053,22,34,,0.6470588235294118,20,3
f19ab1ac4fa909efe7fb585ee7effd2b,2602192053,14,27,,0.5185185185185185,20,3
3508537f418e565a175e03e87e3d418f,2602192053,42,42,,1.0,20,3
a857f5c0444fbec2883522c7c06e7ff6,2602192053,18,27,,0.6666666666666666,20,3
f3d7261eaaf6df17a4c3e8a648ceb6fe,2602192053,26,34,,0.7647058823529411,20,3
11b569f189f85a3b166e82e628dc9b6a,2602192053,31,31,,1.0,20,3
fc454ff7dee5ccefdc2e4388580c2d7b,2602192053,41,41,,1.0,20,3
806f9d3075bc83399021708dbb84ed5b,2602192053,45,45,,1.0,20,3
53ec71c2a096d37062227519340dc180,2602192053,45,45,,1.0,20,3
2136c3192726c0e694b394f0c65857a9,2602192053,28,35,,0.8,20,3
f810e06159d35b586ee04201b7242940,2602192053,37,37,,1.0,20,3
a2498450702d8a7e6d27143f1da64881,2602192053,32,32,,1.0,20,3
dff8c4155934b5a2a66ca3b5dadcc29b,2602192053,50,50,,1.0,20,3
a16b76a1dcfa55e04abc74aab147430d,2602192053,30,30,,1.0,20,3
d6b5e622678ebc5e78f1dcd7d2cecbf3,2602192053,76,76,,1.0,20,3
5283ca464c87c913cbde14928d915ec8,2602192053,48,48,,1.0,20,3
bb6f656605c3291048f7dbf53aa688a1,2602192053,13,26,,0.5,20,3
88e0f4ac9d0812764f9df6bef61f3760,2602192053,42,42,,1.0,20,3
202c8e0f906ecf86c537b9c763f10b48,2602192053,28,28,,1.0,20,3
7c19c62ce1d960408f46de05d1b0a4f1,2602192053,31,31,,1.0,20,3
0047dcf3e04c6b517f01c5a5e0da018d,2602192053,42,42,,1.0,20,3
485c32db0719183f1899d2a6cfcdf4be,2602192053,46,46,,1.0,20,3
81a5e0eb6f1467a22899326493593d87,2602192053,37,45,,0.8222222222222222,20,3
c92e18b7d4f20ac4be939fb7fe5c58a2,2602192053,37,37,,1.0,20,3
5c01ad3bfa6737988382a3e0f4a78aa2,2602192053,24,32,,0.75,20,3
2ac2e1adf1d64cea008654af13ee1ac2,2602192053,33,33,,1.0,20,3
2b736ebe3b734240296cf6abec8ed110,2602192053,41,41,,1.0,20,3
890624c828cd754e92bc06c9002bad30,2602192053,38,38,,1.0,20,3
c470036a055ff56e953bc6ee85385b57,2602192053,21,31,,0.6774193548387096,20,3
1e7bf5393b2714a0667bd19921eadc15,2602192053,56,56,,1.0,20,3
30c96ab6179809be46162316da59da69,2602192053,13,13,,1.0,20,3
56de9b694c1aff8bd75f52089395ce9f,2602192053,48,48,,1.0,20,3
6eedab644d3f1524512af699d4775517,2602192053,23,31,,0.7419354838709677,20,3
c014b7cf72faf2e88fe299f1bfdc24b1,2602192053,28,35,,0.8,20,3
5c266a55ff76ebe9a366905ebd25f1a3,2602192053,60,60,,1.0,20,3
9f50f62304133b804810bf3cb06f3141,2602192053,35,35,,1.0,20,3
7f362eb9d004c8522086c73ce9e6285d,2602192053,43,43,,1.0,20,3
e1e8bcaf010e272bd11aa7bff715e32e,2602192053,28,35,,0.8,20,3
3c31cabd48a964f50d38036a6dd6a42b,2602192053,37,45,,0.8222222222222222,20,3
ba343cde091a3d0f7d564ca4fd91fa0e,2602192053,41,41,,1.0,20,3
8a0f6e4d25b5b98d1f0aaeefadf11851,2602192053,26,34,,0.7647058823529411,20,3
805f5d35548399f61eb6b0e1854395e4,2602192053,50,50,,1.0,20,3
d2c0e6b3ddeaad4124d3ebe85992f0f9,2602192053,15,25,,0.6,20,3
7b77ceedd65110145e0c81dd1240e0a5,2602192053,30,30,,1.0,20,3
0f3c72358a8d7977f249024118b071e0,2602192053,32,32,,1.0,20,3
bf8677168aadc4bd5b2f11fb1c0a247e,2602192053,22,34,,0.6470588235294118,20,3
55e4432faa8ad1368e806091630dc2d3,2602192053,21,31,,0.6774193548387096,20,3
3937f11dc84ad1ce10ea288ce2be6df2,2602192053,21,31,,0.6774193548387096,20,3
bad0f3a7f77ce80d2e849807598de097,2602192053,37,37,,1.0,20,3
0748cf26fd699aed178994db597a5e40,2602192053,38,38,,1.0,20,3
e49af69186c939853016a671ecf58ccd,2602192053,20,31,,0.6451612903225806,20,3
b3ebcfeb1e08c551265377c850cb3108,2602192053,42,42,,1.0,20,3
36a0f906c476909bda69423a565b6790,2602192053,17,25,,0.68,20,3
85b26fcd774015119298dd130dfce051,2602192053,36,36,,1.0,20,3
06487b1359fa881db560973647db9db1,2602192053,28,34,,0.8235294117647058,20,3
a7e649cfc3ec7c1f8d243b5d808d8d37,2602192053,38,38,,1.0,20,3
ec6c6355699743d70c5381c665642fa9,2602192053,24,31,,0.7741935483870968,20,3
fac957084391cace31c4faf7369f8463,2602192053,24,32,,0.75,20,3
12dbd4e5ef65cfa22ff8bd5906ff1727,2602192053,26,34,,0.7647058823529411,20,3
fc34c483d19ff32f63e505ec914a6a99,2602192053,42,42,,1.0,20,3
eab9e1433bbc8831b9fd856f90a90ee9,2602192053,31,31,,1.0,20,3
2ec1a0cbb02e71768d9998adcdfd6689,2602192053,41,41,,1.0,20,3
e44f68ab79758ec476c1cee583a20728,2602192053,36,36,,1.0,20,3
902931c5aa79ec32e541e2f9807637ea,2602192053,25,31,,0.8064516129032258,20,3
3f28f97b4a027df7214d8d7c8a63bfb9,2602192053,28,35,,0.8,20,3
ab81fe73cbed387bc9ec4bbfa179e841,2602192053,35,35,,1.0,20,3
0832274e2a8c730976861781a0f24dfc,2602192053,22,32,,0.6875,20,3
fe214c5cd67864e9cf5aac8341aff671,2602192053,60,60,,1.0,20,3
90cd50de46d705a63124a3609eeacef8,2602192053,31,31,,1.0,20,3
df680cf0fabe4b8dc0795d65b5d20a3b,2602192053,24,31,,0.7741935483870968,20,3
17a34cc08b8137f99e4c9a633d439d45,2602192053,31,38,,0.8157894736842105,20,3
bfd5dde4e6e9682910b78f775f4e0bde,2602192053,42,42,,1.0,20,3
0f5a34531588c7e999471a8ff964d7c9,2602192053,26,33,,0.7878787878787878,20,3
b266157d5a84fe0b79278c84e33d9c84,2602192053,28,34,,0.8235294117647058,20,3
33ba0ed7fb374f3086bc1b361f1c388e,2602192053,42,42,,1.0,20,3
a708007105e7e170643789ea0155aca6,2602192053,21,31,,0.6774193548387096,20,3
af8586c95b7fc376ca8d1699b63e00c4,2602192053,26,34,,0.7647058823529411,20,3
76c40473adc803a8e0f25a37cde0a8e6,2602192053,22,32,,0.6875,20,3
3d20873f1d2f93ddad7e88f8a42eecdd,2602192053,37,45,,0.8222222222222222,20,3
33021843198605197bbf3cbdababa865,2602192053,38,46,,0.8260869565217391,20,3
aecb55a49e43c6d086a1d252ae62f2ac,2602192053,32,32,,1.0,20,3
cf520aaac5633410d5bdb32974f33f72,2602192053,37,37,,1.0,20,3
e6260086b21971820168175ca03740c2,2602192053,35,35,,1.0,20,3
dff7ead2e14322ddbcaa60815dbbf5dc,2602192053,44,44,,1.0,20,3
5335032587457987d37f6d5c045121ea,2602192053,40,40,,1.0,20,3
2035a6dcb6248e0c12cdfd736e57d4b1,2602192053,22,32,,0.6875,20,3
ffbb6e131573b17eb8f21ded2b137d38,2602192053,41,41,,1.0,20,3
2b5ee9e723703adcaa67f517e0ca6010,2602192053,20,30,,0.6666666666666666,20,3
6892075cb3c60fbea0eaf1e8f55777bb,2602192053,31,41,,0.7560975609756098,20,3
8c7d8a334024ca9cbbb30d04371b843b,2602192053,48,48,,1.0,20,3
571af5a9880c43d43472c4b9b115f975,2602192053,29,33,,0.8787878787878788,20,3
eff22f84a8f0179407a9f78018220f95,2602192053,28,28,,1.0,20,3
d4a69a8876419e056e0cef39e9a18f7c,2602192053,24,31,,0.7741935483870968,20,3
d77dc1d832a4eafcb411344218bfc114,2602192053,24,31,,0.7741935483870968,20,3
f76d292f9769c86c8ad11bc3f30a7017,2602192053,28,34,,0.8235294117647058,20,3
81448f178d7478899d40d7f666c9c07f,2602192053,24,32,,0.75,20,3
46b5c765abad4b505d4bbc6b9f9e6015,2602192053,43,43,,1.0,20,3
f097826dd826acb224abd9f7a06b1d60,2602192053,44,44,,1.0,20,3
9841fbbc8ca4236b14eacf17963bb4d2,2602192053,42,42,,1.0,20,3
ab8900728e2f291901129b9b5fe9bb78,2602192053,26,34,,0.7647058823529411,20,3
212a5ed7516b924ac2f0848ee7cd61cf,2602192053,24,31,,0.7741935483870968,20,3
8c6d671ce837d9aa0b30ad078eb83d5d,2602192053,35,35,,1.0,20,3
bb7bb462bf2e2861bde7157d4bd7f12f,2602192053,20,27,,0.7407407407407407,20,3
743414f8e5ce25a9e94b4e79f127ebc9,2602192053,50,50,,1.0,20,3
289880b31db2181be1787ea0c3842937,2602192053,47,47,,1.0,20,3
6b9b4c53f7e5de1bd9884245d778b637,2602192053,27,32,,0.84375,20,3
a13e491ea4ace28ec87c8559ebfa8d1e,2602192053,25,30,,0.8333333333333334,20,3
d952450cb42434baebb30d80ef397a45,2602192053,28,28,,1.0,20,3
bf095285096dab2959e2be92cd65b447,2602192053,42,42,,1.0,20,3
e7bedaa34ffa1b93732414b36776faac,2602192053,28,35,,0.8,20,3
d5bdc83b5ebdf66d8f619a14027b0104,2602192053,48,48,,1.0,20,3
fa0e81ad116b3bf4df5214b8fa6306f0,2602192053,22,32,,0.6875,20,3
e16e7d4785ff687d7aca333d7b211d75,2602192053,26,34,,0.7647058823529411,20,3
fbac919b03f1532d965ff89fb4481791,2602192053,29,36,,0.8055555555555556,20,3
a37454d69bbfd27f194b9b424eefe413,2602192053,38,38,,1.0,20,3
4cb0460b000b957b7deac468dda6bfe8,2602192053,44,44,,1.0,20,3
99fd9f1531cf9107f1311d7bf226b5c4,2602192053,21,31,,0.6774193548387096,20,3
0e19c76e5dc384d2aac107de026f777d,2602192053,36,36,,1.0,20,3
c7418d84313427192e90bdaed4c991cf,2602192053,41,41,,1.0,20,3
24bcd5a6416dd81774d84a1a5a1c5985,2602192053,29,29,,1.0,20,3
72202e462c3b5bb8a1f64bb4f05e7ff9,2602192053,26,33,,0.7878787878787878,20,3
8bb978353d69f1d9b81ed8ed5594cf9a,2602192053,76,76,,1.0,20,3
b05239f3e76eba111b5096aca2b1f76c,2602192053,48,48,,1.0,20,3
385331bad4a217c341e702bca3180cda,2602192053,28,35,,0.8,20,3
38f34f7fa55db2326afaeaddef84c781,2602192053,41,49,,0.8367346938775511,20,3
28144c61b52fa9d047b9a5e5d3563b48,2602192053,43,43,,1.0,20,3
7461da8fbf5e2d574ea30008f6e51cc6,2602192053,27,33,,0.8181818181818182,20,3
7392ab07ab26eae15f9710c3ad999ab6,2602192053,41,41,,1.0,20,3
a5b455175eb8f8c8ebfc0b07a80a10b8,2602192053,26,33,,0.7878787878787878,20,3
ba942a7756a2ebb83cbfb1e94cedd694,2602192053,41,41,,1.0,20,3
9328c5fb55c4ecf762fe15fe27d707ad,2602192053,21,31,,0.6774193548387096,20,3
d4424eb6b9c67b35eefb5a24f3526983,2602192053,36,36,,1.0,20,3
33d1f55d393cd3bc1f6358305ce73631,2602192053,25,31,,0.8064516129032258,20,3
6c0f14f9fe27951a837baca8d2f576cc,2602192053,44,44,,1.0,20,3
69ffcc93f47c4e6bd7f8ede34cfd6560,2602192053,26,34,,0.7647058823529411,20,3
b59aa9304e08d1a7c9523abaaded9647,2602192053,42,42,,1.0,20,3
27347d7cc49eaaddbf68a6fc9d6905ef,2602192053,30,30,,1.0,20,3
2eed5c9eb5492c40932cf6c576d0c5cf,2602192053,42,42,,1.0,20,3
e1d33f79caff2af84791f599dfa7d913,2602192053,39,39,,1.0,20,3
3b89d000cb208e285af1b10ddd51f521,2602192053,23,31,,0.7419354838709677,20,3
ebebb1fc48cf78dc0469fe10a0f4373f,2602192053,38,46,,0.8260869565217391,20,3
a12ecaecea2c7ed8fea82f87f8320008,2602192053,46,46,,1.0,20,3
eff85277cd6de590d617251506af570d,2602192053,35,35,,1.0,20,3
0b0ec95b4abd2e3ed20cdb07ebfe8131,2602192053,31,31,,1.0,20,3
597088e58c647a2a32027144b8ebe5cf,2602192053,29,36,,0.8055555555555556,20,3
df13e8f6f6dc44631a5c97b5f1dc619f,2602192053,14,24,,0.5833333333333334,20,3
efdb2a2181fba6e1dd00f78a1f8edeab,2602192053,84,84,,1.0,20,3
c891d347531ebbd3e65d1af44047be62,2602192053,22,29,,0.7586206896551724,20,3
4a249b45a9a82358fdc3882171f241c9,2602192053,45,45,,1.0,20,3
0140aa8d0fd9f414242bf827b3528c46,2602192053,33,33,,1.0,20,3
4d0e4737fa4b7ad21a7b507ea56b9379,2602192053,47,47,,1.0,20,3
41cb75109c6a55aa9333d6c61707c6ec,2602192053,42,42,,1.0,20,3
e45ac8b8f81831c27a10642495666bc4,2602192053,25,33,,0.7575757575757576,20,3
9021a4a85c19e236f08c076f4987523e,2602192053,33,33,,1.0,20,3
d2983b2283288b8c176fd694913ebef6,2602192053,27,27,,1.0,20,3
f033baa25ec7dde1a4f83209f0895d9a,2602192053,26,34,,0.7647058823529411,20,3
a2afc3fe97abcdd4b18b9f787087a7a7,2602192053,26,33,,0.7878787878787878,20,3
7a9d22ed087e871fc58f24164f5c3b33,2602192053,46,46,,1.0,20,3
dd7fa616451c446196afdfd80fbb0601,2602192053,22,22,,1.0,20,3
40e3273062f6414b9efaf955987df906,2602192053,46,46,,1.0,20,3
714fae3c0502c4c8ba10b585ea286a67,2602192053,24,32,,0.75,20,3
dd7da9a46b6c881b8f5f286cb5624bd0,2602192053,37,45,,0.8222222222222222,20,3
7ef6093d1d8829717d68a4a4645fb139,2602192053,26,34,,0.7647058823529411,20,3
7b8b890a609da3f894b480095d6d76dd,2602192053,35,35,,1.0,20,3
f6417027e7dcbdc0015eb0f3ef8a00b0,2602192053,35,35,,1.0,20,3
5eb2fea83ceb1404214d6cf28b88fe26,2602192053,50,50,,1.0,20,3
6b8b46c67f5bc5204ca171a1369e6f16,2602192053,24,33,,0.7272727272727273,20,3
d4a272f15a107201b6bc4e6f2ac9af17,2602192053,24,29,,0.8275862068965517,20,3
6e670b082ba81777f486cd7565dea813,2602192053,43,43,,1.0,20,3
c094c30c660f2764bbb41ee44053ec64,2602192053,63,63,,1.0,20,3
ba2ed50655bf40d715ea610999cf3095,2602192053,65,65,,1.0,20,3
6c7d86b64b915a2afc66db20331e285b,2602192053,50,50,,1.0,20,3
22844cbfdd271b39853899026b302394,2602192053,50,50,,1.0,20,3
cdb39fc0ab22153b59636613d4bd5ba5,2602192053,42,42,,1.0,20,3
397dec95844293c02b9a3842a95c8cec,2602192053,41,41,,1.0,20,3
f1fd64a7dfae6ff80fb0d9c7047f65f9,2602192053,41,41,,1.0,20,3
a85f69aa36c0176c71f05f19a0581836,2602192053,25,36,,0.6944444444444444,20,3
7133685e912dcb7d11c5d51907f86197,2602192053,24,31,,0.7741935483870968,20,3
d78ac669225a947bd3afd704dc9ae13c,2602192053,28,34,,0.8235294117647058,20,3
7906492f70e367cd01a02d7f3ab1d0ce,2602192053,25,31,,0.8064516129032258,20,3
b925f6de27fb9016a2b08eddd553764a,2602192053,29,29,,1.0,20,3
7b854236e2bc39ed520e66b8189f758c,2602192053,40,40,,1.0,20,3
723026b6a94113063bd2379549a55a12,2602192053,35,35,,1.0,20,3
f6090e9ca382b8f0ef4950ae534e8ef3,2602192053,27,34,,0.7941176470588235,20,3
2cd8187f367d924cadeaec809ba2d8ae,2602192053,23,31,,0.7419354838709677,20,3
65841399496f48ab75eec35421a50c87,2602192053,24,30,,0.8,20,3
cd7ab5a6fcc03fbc02922284a1bf55ab,2602192053,22,32,,0.6875,20,3
f2ed158caaa8bc806bc80362253c3d4a,2602192053,31,31,,1.0,20,3
983f4ea511f148ac73c83dd5645059eb,2602192053,42,42,,1.0,20,3
8b2c1b4b1c4af42382fc45509a00486f,2602192053,19,24,,0.7916666666666666,20,3
999ffa5b28acf5141200365605a1da92,2602192053,45,45,,1.0,20,3
7f9a013fef39cb8b1cf8967d2444dc7a,2602192053,40,40,,1.0,20,3
9a44f1c95b7cb09dbe17ff8bde067a63,2602192053,40,40,,1.0,20,3
5ab14a534862e1ab5a714bacef2636cb,2602192053,23,28,,0.8214285714285714,20,3
5a88f851f86dcfb6962aeccc7de0a11f,2602192053,60,60,,1.0,20,3
9815f9f06eebe667b927a4ec930c67e0,2602192053,22,28,,0.7857142857142857,20,3
705780b7242f1dc497d8efbd33479a12,2602192053,29,35,,0.8285714285714286,20,3
b49165f6894453a37abae5d8d390b082,2602192053,35,35,,1.0,20,3
16106051cd676079301bd42ce7303415,2602192053,28,35,,0.8,20,3
ecffe5358d359a5d770d2a145e1d18cc,2602192053,31,31,,1.0,20,3
3c3ed16bd41cbc2fa6b55ad55d1b482b,2602192053,48,48,,1.0,20,3
8e3c23e60cdda42548647afabf50b819,2602192053,37,43,,0.8604651162790697,20,3
a801d306024628d085270d6ca7575629,2602192053,36,36,,1.0,20,3
788ec28a08095f8787f03d49f46d6d9d,2602192053,45,45,,1.0,20,3
2644ac10c2a81a1cef04ff7535d45e98,2602192053,42,42,,1.0,20,3
fbaf504e05ebc40e7b3db017392ec61a,2602192053,22,31,,0.7096774193548387,20,3
493a36e53e74cd26baafec8f41da654d,2602192053,37,37,,1.0,20,3
b47cf17459267ed4fca653478476924a,2602192053,6,22,,0.2727272727272727,20,3
495045d2913962a36051d7cc8c028877,2602192053,26,33,,0.7878787878787878,20,3
8690fe92559f0406db9592ea57aa69d8,2602192053,35,35,,1.0,20,3
cdfecb889ca152e208512002cd50a54b,2602192053,29,35,,0.8285714285714286,20,3
a1ce468faeedd0e2cb75792eb7ca4eaf,2602192053,28,35,,0.8,20,3
a4aaa61dd69c77077b26f7570484f21b,2602192053,46,46,,1.0,20,3
7fc7a519653ab28c9947a383fe2fbeb7,2602192053,50,50,,1.0,20,3
75adc2ea07a3807993759044cc0013d4,2602192053,23,31,,0.7419354838709677,20,3
004beea7427ba9dd9519a9d73a382799,2602192053,39,39,,1.0,20,3
a4a30c05c141f4f1c22c402c4a373011,2602192053,18,27,,0.6666666666666666,20,3
23ed25462443de69192cd5213bc11949,2602192053,49,49,,1.0,20,3
cb30743ed3a714fa58ecc35a6110b79a,2602192053,32,32,,1.0,20,3
80b9f9780e91d4b545f4ab8e23dccd7f,2602192053,50,50,,1.0,20,3
778ade93dd66a26c5f7427e55f4447e7,2602192053,40,40,,1.0,20,3
a05ae8026ace289968cc3976d52e5eae,2602192053,28,28,,1.0,20,3
7d74d107a31a71e5eb67acdb9f87aefb,2602192053,31,31,,1.0,20,3
65b7f75744f85a2a34fe3f25209b4667,2602192053,21,31,,0.6774193548387096,20,3
d62b42aacb35296e43f0c1b2ae67b58a,2602192053,27,35,,0.7714285714285715,20,3
d99df9f34f1507f1daf5e412e220d0f5,2602192053,35,35,,1.0,20,3
6f70b9b6c03a6aca23f41ba0093d98a5,2602192053,35,43,,0.813953488372093,20,3
60b672599d92675d98b4d6e0739db3a5,2602192053,24,32,,0.75,20,3
1c1aaebb7257133792a6a51841197df3,2602192053,24,34,,0.7058823529411765,20,3
4214ef8575d61c12a17c9fd1dec7a982,2602192053,29,36,,0.8055555555555556,20,3
48253ecbed15ebda642bc4c20a5fdb26,2602192053,32,32,,1.0,20,3
76c3d9afa81ab44c5fac357d6f018919,2602192053,42,42,,1.0,20,3
519cf2fa18f0754d3ce0dd296a12437d,2602192053,17,28,,0.6071428571428571,20,3
8bd9a028f935d26c67b06114c95bba97,2602192053,38,46,,0.8260869565217391,20,3
a72d5c9fdbb2c2c8738ff59730e86e56,2602192053,44,44,,1.0,20,3
ab559b77301a86b75690237c09b9a9ae,2602192053,22,33,,0.6666666666666666,20,3
0de3ac6f4eecbff302617fae1571414b,2602192053,42,42,,1.0,20,3
30907f6d8b2dd5de7d80831d2ddc491e,2602192053,27,34,,0.7941176470588235,20,3
481d8dcdba89b0ad555adf9718862f5a,2602192053,24,33,,0.7272727272727273,20,3
e11cd31123bb1c760500da345bd347f3,2602192053,42,42,,1.0,20,3
ebaf11987e0f2f0cd421ce0af1986047,2602192053,44,44,,1.0,20,3
90bd1d22cf0977d18ed9c9635aa4fe1a,2602192053,27,35,,0.7714285714285715,20,3
8b2a1c8d0d4ffea24d0680aa2e468bd7,2602192053,34,34,,1.0,20,3
f6098a84a9c0bb61be94679487cde5cb,2602192053,27,35,,0.7714285714285715,20,3
46bce628224de5af6a3df63414f72ee5,2602192053,24,32,,0.75,20,3
3b32a8384684a8b32a3fdc6a1159980f,2602192053,16,26,,0.6153846153846154,20,3
327aebcd208c86d6fa3ca09a306aa27d,2602192053,33,33,,1.0,20,3
c4d3ace2264239dd70e215254e8e7785,2602192053,26,32,,0.8125,20,3
9673c6dad1984a010dc7f8cc3593e21b,2602192053,24,30,,0.8,20,3
14cb6a5e8cd49e8f6d1765c1be3fc341,2602192053,47,47,,1.0,20,3
efba58c03c28e491c4051759719301e9,2602192053,42,42,,1.0,20,3
79f0b378026b3608e463555daf35c4ee,2602192053,31,31,,1.0,20,3
1c5e99c3da4245f66744c8ed09b969c7,2602192053,47,47,,1.0,20,3
d331a1098d5e1d3e43f1d90eab027277,2602192053,24,31,,0.7741935483870968,20,3
6e862f3c107693414fcb37739f3fcf57,2602192053,27,34,,0.7941176470588235,20,3
12e20449c994e7a981e0387157ad97be,2602192053,31,31,,1.0,20,3
9cfc15cf4578558af06cea65e01ac42f,2602192053,24,32,,0.75,20,3
ebdf1cdf50c073567c32d1bc6a09229e,2602192053,42,42,,1.0,20,3
feef2d132766f10a7db78d2deb029686,2602192053,19,29,,0.6551724137931034,20,3
209c7eefc748b3d5bf7764aa1b53423d,2602192053,28,35,,0.8,20,3
892274ec059bb3dd487f244c0efbbafa,2602192053,31,31,,1.0,20,3
478d3178daa939ab0168895cf73c7e4f,2602192053,44,44,,1.0,20,3
b6117052dc12b7c5725c90abffef2e6f,2602192053,60,60,,1.0,20,3
c4b05133e8019e889f87c1ad9243d420,2602192053,74,74,,1.0,20,3
e34da604e2a2f949b739b104b9b4e159,2602192053,21,31,,0.6774193548387096,20,3
c158cdb3433712d120805e3cd7de8c66,2602192053,27,35,,0.7714285714285715,20,3
e7d2ca5c699c5a352b44e472f0063543,2602192053,36,36,,1.0,20,3
a2d404997191188fc208f17f3d299ae5,2602192053,28,35,,0.8,20,3
445ff96e573df743a262a2a44a27cd80,2602192053,32,36,,0.8888888888888888,20,3
491243ec66f1662842c0f1b11fd2ec7b,2602192053,44,44,,1.0,20,3
d07348a9eb7fb672de897006d0e5e29f,2602192053,54,54,,1.0,20,3
b2e9a617f68a05da4a997f456d505d95,2602192053,41,41,,1.0,20,3
325c64aa7d9d56dc63ddde0d1bd3fd66,2602192053,41,41,,1.0,20,3
8940193a0af8ed5896cb4d7338c10240,2602192053,27,35,,0.7714285714285715,20,3
c984b28f4f4bcea5e4f0c48cfb1968df,2602192053,24,32,,0.75,20,3
8b4881c475408b4d6e9117c2ef98c9ac,2602192053,28,35,,0.8,20,3
1afb773877b44797cb29ee2811202a0a,2602192053,27,34,,0.7941176470588235,20,3
76a46a425f8a912414cf059245430ac5,2602192053,41,41,,1.0,20,3
3071386beb92b8b9a7228a6fd254e211,2602192053,21,31,,0.6774193548387096,20,3
4513a63256ed63570c1a5245c487e8f2,2602192053,31,31,,1.0,20,3
80ebbf3838510715a5cf5328f4061a4b,2602192053,31,31,,1.0,20,3
a78bdbaa656d8b153912a0e0b02ce4dd,2602192053,26,34,,0.7647058823529411,20,3
7d748822a63d0a3026f893f75315fc9b,2602192053,35,35,,1.0,20,3
40e585d120b0b8c3c369b009363f1613,2602192053,34,34,,1.0,20,3
f2b624b1bcf910d2a4cacbb72aa0dd11,2602192053,48,48,,1.0,20,3
43909457be9ccc11e91662097e78fffb,2602192053,23,30,,0.7666666666666667,20,3
814c9f7b299a6de4ddc445b91f43218f,2602192053,25,25,,1.0,20,3
51b266689a80c3fb58be76b68b4957e9,2602192053,20,23,,0.8695652173913043,20,3
c57ed56b6621f206ce49bfdd36a5f848,2602192053,29,36,,0.8055555555555556,20,3
1bae13a305eab76923e04edd54282a4e,2602192053,16,21,,0.7619047619047619,20,3
28900d62ac83d59cbe6d476fc30917dd,2602192053,21,31,,0.6774193548387096,20,3
52694cee4dd89dabbcdd5b0f46992e93,2602192053,34,34,,1.0,20,3
cb00b10f8e610d3de5dfb35e8e1a9e09,2602192053,50,50,,1.0,20,3
f15a9f216994daa30b98e479dac976c3,2602192053,35,35,,1.0,20,3
118f28d1afbb58a18d4312a9a2154d42,2602192053,27,27,,1.0,20,3
28b2aa2b72f7edc620e831df97deef80,2602192053,24,31,,0.7741935483870968,20,3
6e95c554ff6549f736b8a9a6b1a50339,2602192053,50,50,,1.0,20,3
0a794ef42044e6e48f2111261e254bcb,2602192053,48,48,,1.0,20,3
8bb1eac7fac97a3961b8a621595d264d,2602192053,28,28,,1.0,20,3
7f3666f1a254b25ec94af235d565cfe1,2602192053,50,50,,1.0,20,3
18e81e8b6e1c7e9276c4ec4d7388121e,2602192053,33,33,,1.0,20,3
2e5ce6c32280dd8c90358b8fbf59f17f,2602192053,38,38,,1.0,20,3
2fffd562fefa18813f4bfd1477fbeebb,2602192053,60,60,,1.0,20,3
89ec83181615cc9fc258f9f58a028d65,2602192053,37,44,,0.8409090909090909,20,3
2f3331479b63f94e0a3b57b8cd48308b,2602192053,41,41,,1.0,20,3
de045d4c3a668dcc05d885ca3ffd3e22,2602192053,40,40,,1.0,20,3
75a810cbc1ea984e4662510fb782e29f,2602192053,36,36,,1.0,20,3
307fcb795f0e73788471158c87dd38f9,2602192053,24,33,,0.7272727272727273,20,3
68447970230c96771908d12a130582eb,2602192053,76,76,,1.0,20,3
55f77a38aa2bcdafd73823b9ab97edff,2602192053,21,31,,0.6774193548387096,20,3
015801646cfc08591e56d45a3e2c34cd,2602192053,42,42,,1.0,20,3
5552e9dbcc4ff76ab9d2b9273e675d46,2602192053,48,48,,1.0,20,3
fd93ffe064cabb7156a1ebd86f053fcb,2602192053,29,36,,0.8055555555555556,20,3
cfa59a8480d032a5128fb72befcece83,2602192053,20,23,,0.8695652173913043,20,3
e044e4d3fd4fd529853103c200f7fc93,2602192053,48,48,,1.0,20,3
bd318cdb905c547e27ddecfdb98ab30e,2602192053,22,33,,0.6666666666666666,20,3
d7a63a0998bac8755c3e66fdd5efc226,2602192053,34,34,,1.0,20,3
a09fc42ddfdfe67e124e95b93c5400b2,2602192053,29,35,,0.8285714285714286,20,3
744d77f98bd20653cac143f3c6e41a6c,2602192053,50,50,,1.0,20,3
1d471a709590cdc8add41166b6d969e7,2602192053,21,29,,0.7241379310344828,20,3
aeee2d7f09528efe86060fb50acc64d9,2602192053,27,34,,0.7941176470588235,20,3
6d69fa95b04cd80c740e7e041b9546ad,2602192053,47,47,,1.0,20,3
a9d0d3338cba6e38093061730fd0ba94,2602192053,27,35,,0.7714285714285715,20,3
6870762c3e8fc1977311aa69ee6dd3d6,2602192053,27,35,,0.7714285714285715,20,3
335c81c807e5f1758c8ba5afcf2d7bab,2602192053,28,35,,0.8,20,3
7195144404359ae8dd35621c4088f884,2602192053,44,44,,1.0,20,3
3cb4c66ca669d900997a9bea97cb945b,2602192053,29,37,,0.7837837837837838,20,3
1aced013b4509088d80d55a9efc58b55,2602192053,29,35,,0.8285714285714286,20,3
07ea3fcc5e89cd4ae8cc5f401fe132d7,2602192053,50,50,,1.0,20,3
b76105d66ef94f428ede4bf83fb03fa1,2602192053,50,50,,1.0,20,3
4bd485ef4acb332e89931d5c5cb6fb81,2602192053,23,31,,0.7419354838709677,20,3
95a8e65ab822b7c6f3ee68df0a3db978,2602192053,35,35,,1.0,20,3
2ad25a83d6dd400488700c89115ef83e,2602192053,50,50,,1.0,20,3
cf35fb413f4a889395045b26a3fd2bfc,2602192053,48,48,,1.0,20,3
eb6b5040ef28b1ef2715f2182883efec,2602192053,27,34,,0.7941176470588235,20,3
da033d104f0010b025a15554412c1461,2602192053,19,30,,0.6333333333333333,20,3
78d3a5ec4246e7cb0723bee153fc0854,2602192053,19,30,,0.6333333333333333,20,3
216fe2e5f7f800dc722535077c961237,2602192053,47,47,,1.0,20,3
d3c48d8f4c1891c0085c565273bb3d91,2602192053,48,48,,1.0,20,3
56c1430eedb570c6b5940761b845d15c,2602192053,47,47,,1.0,20,3
e429deba84703e842e10d3865f8e7555,2602192053,27,35,,0.7714285714285715,20,3
ee8122d2f6228fd7938255eef15a82d5,2602192053,35,35,,1.0,20,3
c9f950c0f9ee91488cee746c88815836,2602192053,35,35,,1.0,20,3
051325cae8e3b65a5f7c81ebeb8301a7,2602192053,29,35,,0.8285714285714286,20,3
5f46557a9aaaaa288cfa3914656153d5,2602192053,24,31,,0.7741935483870968,20,3
f3675be31f37eb8b608404893db59e2b,2602192053,19,25,,0.76,20,3
f3f9a6cf9438fa20842038e403501b82,2602192053,24,31,,0.7741935483870968,20,3
7362d76bb26cedc454b9304e0add560b,2602192053,41,41,,1.0,20,3
b4eb69833a1858494765606d33134c2c,2602192053,16,25,,0.64,20,3
ed16bfd9b081017d84169a92b5a30114,2602192053,46,46,,1.0,20,3
eb0989886c58dd3c79188c092ba280bf,2602192053,24,30,,0.8,20,3
93c0a28d47dbb5b8c27b7af5c06cc3de,2602192053,42,42,,1.0,20,3
3f52e2222970fc8d663af2ebe8fbbaff,2602192053,43,43,,1.0,20,3
437db8d2c2331a9d2ad4a761d2598913,2602192053,24,33,,0.7272727272727273,20,3
3948a335f3dfa8bbc306ec0c49826dae,2602192053,24,35,,0.6857142857142857,20,3
af6745fa3d0a86f9aceaf15b6cab8276,2602192053,55,55,,1.0,20,3
83a0870d7f1ccf9ddf8034ed69064fd8,2602192053,47,47,,1.0,20,3
67c4f930ed88fbab7124b0bf7d50c744,2602192053,32,32,,1.0,20,3
d20175f7e6b6729eb64b52ced882343f,2602192053,32,32,,1.0,20,3
0cbcb61b8173dcd98be4fec19754bd7f,2602192053,34,34,,1.0,20,3
e33e16e4b284ff6d3d506b897b6ae15f,2602192053,24,30,,0.8,20,3
0d797aaf9c1296d4d6d2b7cefe5104e5,2602192053,29,37,,0.7837837837837838,20,3
452a84848718df6aa5932eecba94c3e1,2602192053,48,48,,1.0,20,3
aa914e409955d238ad9fc7dbe883a32f,2602192053,26,32,,0.8125,20,3
158f20b2524a45b736f55d2cc98c3101,2602192053,16,21,,0.7619047619047619,20,3
24d73b3766a0ca90c916a53454732c00,2602192053,23,30,,0.7666666666666667,20,3
565fd52b4ddd01312882c9f662f5f0b6,2602192053,42,42,,1.0,20,3
bf7b3a75c3e196b4bd52bf16d62522a1,2602192053,44,44,,1.0,20,3
134242b46b0cbfc17eaeec324532705d,2602192053,35,35,,1.0,20,3
bac84e54e503b1b1612f05e32673a797,2602192053,37,44,,0.8409090909090909,20,3
9255874577affee34c63b5b3a2bf3aeb,2602192053,36,36,,1.0,20,3
0469368d5e3f7c0580d177f0e8acb207,2602192053,48,48,,1.0,20,3
32d9c9614a2bd0bca6351e5e30649ee9,2602192053,26,32,,0.8125,20,3
5f1f1877a229601a6298a311b736c8af,2602192053,46,46,,1.0,20,3
5697dafe20bfee72c68a845e2411fe8d,2602192053,35,35,,1.0,20,3
fc1bf1d7d646cbdf9a6d540a073b7ebf,2602192053,33,33,,1.0,20,3
4c7526af7be96410c67001b3868029c2,2602192053,44,44,,1.0,20,3
d8564fdbe1f0635726d2136a1867cd42,2602192053,22,33,,0.6666666666666666,20,3
ae869b2bb762d4d4905fdceab7972f2c,2602192053,21,28,,0.75,20,3
d7c180605c4c2de24f4c16b3ef006c08,2602192053,63,63,,1.0,20,3
28992fd4da55fca65aaa8bf2b434d852,2602192053,16,26,,0.6153846153846154,20,3
1086b1a6c4d861d6db5c522601a03206,2602192053,42,42,,1.0,20,3
3f9d85474d03d9fc0cfc5d597ab0bde0,2602192053,35,35,,1.0,20,3
4527012dea130440b3dfb4e3ae846042,2602192053,48,48,,1.0,20,3
9076d373cf919acd76bd8a9b3b4c596a,2602192053,48,48,,1.0,20,3
b2a41ee4c28c0e9cb401af5fee9bcc18,2602192053,47,47,,1.0,20,3
cc043e00b40475116bd55dcba6007cb9,2602192053,19,30,,0.6333333333333333,20,3
20108f43f7c652aa94986809db7c3266,2602192053,20,27,,0.7407407407407407,20,3
a1d878c0cc1fcd100a21351281c7e4c1,2602192053,32,32,,1.0,20,3
9f2edd8a83ef480c03dc50ee0d06c835,2602192053,49,49,,1.0,20,3
e91854e7cc5de64ceb13e6f074c53a4b,2602192053,26,32,,0.8125,20,3
e3967beaa4c6aace8b481c0202471149,2602192053,24,32,,0.75,20,3
57d284843b2ae6c289190b71a46fc02c,2602192053,22,33,,0.6666666666666666,20,3
c68184a59ea62a0c29449b292dee5cee,2602192053,26,33,,0.7878787878787878,20,3
268218d65f07888bcc40abe3f76e45d3,2602192053,29,29,,1.0,20,3
44e59d3a8df43ea72f5c003d64760198,2602192053,41,41,,1.0,20,3
a4bb28113c378fcbb56919cedeb894a7,2602192053,35,35,,1.0,20,3
9fb913a2c9c264be820c55a80daeebcb,2602192053,20,23,,0.8695652173913043,20,3
64b4a818ab3d8089ec3edf1faca0e8b4,2602192053,42,42,,1.0,20,3
566d9a5f89ea87bf12c8ae754c55c87d,2602192053,27,35,,0.7714285714285715,20,3
50b0d9d8b8b957046aad9690f1049d33,2602192053,31,31,,1.0,20,3
9ef9e395731d70ba43db7f8bfb23ec92,2602192053,28,35,,0.8,20,3
046182cf9cf44501e4f2227340d684e2,2602192053,27,35,,0.7714285714285715,20,3
a0d4644d2b0105d53a43ea7adca7c51a,2602192053,27,35,,0.7714285714285715,20,3
3f3b9040cedad333c6c8a82a9d858f7d,2602192053,31,31,,1.0,20,3
628e5e1b8b479f42f23f7f842be4a3ca,2602192053,26,32,,0.8125,20,3
26831c6e8b54a57f3092241fcf78de67,2602192053,27,35,,0.7714285714285715,20,3
225abcab01cc63fe9461ebc125ce6ece,2602192053,27,35,,0.7714285714285715,20,3
48274a8bea1460f7eb904b84ac090552,2602192053,30,30,,1.0,20,3
edf3773330693cb270bc1f8749a7f47b,2602192053,44,44,,1.0,20,3
3b00268a65a75b9dfb5804976d604e0d,2602192053,44,44,,1.0,20,3
3e043fbda152b49afdae26d83116ffcd,2602192053,30,30,,1.0,20,3
c16cb92f79fdb7ccefe737ea18162868,2602192053,37,37,,1.0,20,3
e1eb5f3ee6d7108aeb9e3d1aa770d97c,2602192053,41,49,,0.8367346938775511,20,3
438664020f0ff917cf7a336060db65c2,2602192053,21,32,,0.65625,20,3
4ce974482d6d94f2a7a1c4673f124ba0,2602192053,28,35,,0.8,20,3
3f04289b4f60962ba8dcc4d56933583a,2602192053,47,47,,1.0,20,3
5ddf183feb88bdeb797bc7e1894db9c2,2602192053,27,34,,0.7941176470588235,20,3
e8759a7c8091a700366afb3157253f7a,2602192053,55,55,,1.0,20,3
b98dd233b517860d827d43ca13353564,2602192053,76,76,,1.0,20,3
ac2420fb7e5a251d58d7ee032f20b16f,2602192053,29,35,,0.8285714285714286,20,3
c0a62a9281a6aa72ffeae1278dd95190,2602192053,27,33,,0.8181818181818182,20,3
4e4d3f7b3cbe288701e221a9e6cd2365,2602192053,34,34,,1.0,20,3
53b0cdfadcdce6bc7629c5d7a99a8526,2602192053,27,34,,0.7941176470588235,20,3
76a4e39bf85d90c7bf4084e1a7847d5b,2602192053,21,31,,0.6774193548387096,20,3
283f983bf52dc474a29966b01e9caf74,2602192053,21,27,,0.7777777777777778,20,3
8e71d47b4241e436fa00b5a5dd3d69c4,2602192053,24,33,,0.7272727272727273,20,3
904b1ac7674fb43dc8df69a3991ff139,2602192053,48,48,,1.0,20,3
aa98678d94deca29f3ca212902269405,2602192053,42,42,,1.0,20,3
b77b07c8c7dd3ef55d13b195965e1274,2602192053,32,36,,0.8888888888888888,20,3
f7196db8d9dfb7d159f0533ba1ef104a,2602192053,27,35,,0.7714285714285715,20,3
3164f654b5b965f061c6617298b3dfb5,2602192053,50,50,,1.0,20,3
8262751cd600c54ab72189e698e46b4d,2602192053,22,33,,0.6666666666666666,20,3
697e4f069fbced959cf83c5ab2ae203d,2602192053,41,41,,1.0,20,3
2f739fc35b5bc08d72ee2d79586edc7e,2602192053,42,42,,1.0,20,3
d43ccbb8d0b24ed8016bccb8c8a6c981,2602192053,27,35,,0.7714285714285715,20,3
1e1979182719cd665dbba2a0180c2404,2602192053,46,46,,1.0,20,3
b5a898c28116fe46003edaf2d33bb742,2602192053,50,50,,1.0,20,3
1a59eae3bdbd8c55e1e06b3a925e9917,2602192053,42,42,,1.0,20,3
9dfd6e2c9819418f234634feea011645,2602192053,47,47,,1.0,20,3
a9e28439afe405cfca4cdf0cd912253e,2602192053,28,28,,1.0,20,3
e591ef2cd98925dfe4e886be674ad5b1,2602192053,48,48,,1.0,20,3
a1735a80aafedb7e4e6817d3eec3da36,2602192053,27,35,,0.7714285714285715,20,3
81a2a0a8a0a697d057262c6c7caa4ca1,2602192053,24,30,,0.8,20,3
76857ff4ba926a25ef637c2ab52e0dd9,2602192053,34,34,,1.0,20,3
c2659966c1fcb524e378ec079956d7ed,2602192053,39,39,,1.0,20,3
fd9d72e43a1f9d3142662a10ffd80ea5,2602192053,65,65,,1.0,20,3
0ad2878dcfa11eff6571ba6378e3c6d4,2602192053,27,35,,0.7714285714285715,20,3
06614adb4ffcc8af0a9976dae1fa6b37,2602192053,28,35,,0.8,20,3
ee29c6145d9186ed9f5370641245b4ec,2602192053,26,32,,0.8125,20,3
9bc21ad8844fc2719d80df63802d8dda,2602192053,34,34,,1.0,20,3
485a8f24cdbafed21c72e666efccae23,2602192053,24,33,,0.7272727272727273,20,3
602277ab7aeb3d3a7f37723c702e42ce,2602192053,23,30,,0.7666666666666667,20,3
ba54ab2423d77998ab2eb0c4750174f1,2602192053,48,48,,1.0,20,3
64c58543e27a04e82e6437b09dc5052b,2602192053,31,31,,1.0,20,3
dd7266a2d1c71894facccbde9e30cddc,2602192053,29,36,,0.8055555555555556,20,3
14e13d8b7ba31267fdd21e94ec97a3c9,2602192053,34,34,,1.0,20,3
5b9981834e401f3b88c02464a9a93ca7,2602192053,18,26,,0.6923076923076923,20,3
10afae0e67345b63e60b467f6c1a7950,2602192053,46,46,,1.0,20,3
e6e5998fb8fd27cbeb5203c4dfdefa93,2602192053,29,35,,0.8285714285714286,20,3
70eabe87c48499f7361206fc9c1abb31,2602192053,56,56,,1.0,20,3
80d79dac60809fa17816893bd9733d57,2602192053,33,33,,1.0,20,3
59dc431025f20fb7a50a8a86fd573859,2602192053,27,35,,0.7714285714285715,20,3
e7250373c87c2067a3a172fea774254c,2602192053,32,32,,1.0,20,3
fa2157d7194f7aa0f1c8c294fe2413fb,2602192053,27,35,,0.7714285714285715,20,3
b64a117f6bbf7b6369a36c44fe15f7d0,2602192053,26,32,,0.8125,20,3
224384bac7ee4ae366b65860b7fb2fb5,2602192053,25,25,,1.0,20,3
6d68b1b8506a615f92d9242fa37a3c97,2602192053,48,48,,1.0,20,3
ee995a496560fa923b0dfc81ff99c6b7,2602192053,26,33,,0.7878787878787878,20,3
66180cf6d944a029876b74614ca0f7de,2602192053,46,46,,1.0,20,3
5165d0df5eaef3d4b6c3efdc70a5e91d,2602192053,26,34,,0.7647058823529411,20,3
7e1bec0717eeda461bb4af474d07103b,2602192053,41,41,,1.0,20,3
5b348c2c7921dda15d108ab38094cd73,2602192053,29,36,,0.8055555555555556,20,3
902d4bef98c48fcb952b3b1627e874ec,2602192053,47,47,,1.0,20,3
b28ad703541fcc3884515fa84eab5e39,2602192053,27,35,,0.7714285714285715,20,3
baea415c7b8b7cbbbcef0e8b16f86612,2602192053,31,31,,1.0,20,3
2bc5aac8398244559ca390ca46ca094c,2602192053,24,35,,0.6857142857142857,20,3
6e67c854936815e5a868d3ff756ec392,2602192053,24,32,,0.75,20,3
f3f4cef7e8ab0ed3f3ff1592198bf3f1,2602192053,26,33,,0.7878787878787878,20,3
a24d4ef3cf6ec0c430466cb1a93df199,2602192053,35,35,,1.0,20,3
e57d0615b32b0e4228dd2129701d5f75,2602192053,17,35,,0.4857142857142857,20,3
937214f11b46991849ac9b9998b262c5,2602192053,16,25,,0.64,20,3
0415d51f7ff117e2348fdc051be1e8c0,2602192053,74,74,,1.0,20,3
d2dbf6af683c6b56e3bab3fce9639fb2,2602192053,27,34,,0.7941176470588235,20,3
210556fa78366e22d751bc165314cd5b,2602192053,46,46,,1.0,20,3
239d321dd5efba36ec16502646082853,2602192053,48,48,,1.0,20,3
cb78c4955b31d6c85d136f6aebe10938,2602192053,23,31,,0.7419354838709677,20,3
0e3552cf9930112013bf4fcc4a6a1edd,2602192053,36,36,,1.0,20,3
6a16a37e23d9ba30eab2aaf74dfedf36,2602192053,15,28,,0.5357142857142857,20,3
f0aa143d2142ed7d1f8a3d8a33c37f0b,2602192053,29,35,,0.8285714285714286,20,3
b646353767558bbab943d4dfc4183f58,2602192053,19,25,,0.76,20,3
3d295fc06d9f2ae3bd5c76cea94eab7f,2602192053,48,48,,1.0,20,3
36a5d0f50b5d5de40c6a78d580e0b611,2602192053,47,47,,1.0,20,3
3ced62246c571ceb58e79c085e047760,2602192053,42,42,,1.0,20,3
1b0822bb1e560769053213e50ab562f4,2602192053,31,31,,1.0,20,3
216107df90bdc53379abe347cfc5a014,2602192053,50,50,,1.0,20,3
366a03c8edcecafca078d718b46fa2d2,2602192053,35,35,,1.0,20,3
4c15f58b50efd5c60c36d42cf7709eef,2602192053,47,47,,1.0,20,3
2cab3f820491437a1361f6c9aae32191,2602192053,30,37,,0.8108108108108109,20,3
72f4649fd6e5cc62c6ea18bb60c8dee4,2602192053,22,33,,0.6666666666666666,20,3
e09f455d903a332657c0c1db91f25d26,2602192053,26,34,,0.7647058823529411,20,3
37c4f2bce109a04dbfe55f66d6fd9d4d,2602192053,24,30,,0.8,20,3
107fc080d931ba5c44a77c14a5a046e1,2602192053,22,27,,0.8148148148148148,20,3
560628f270d26374ba30b1fdc068c2b0,2602192053,33,33,,1.0,20,3
e6c17af0a6c771dec67af5b5c115ab40,2602192053,26,32,,0.8125,20,3
4045be24e309834042cb0f3360837bac,2602192053,24,32,,0.75,20,3
8d65fc8c6cf03103721e1152c80d7b8a,2602192053,28,35,,0.8,20,3
7b9f01af293259b080648c90f705a849,2602192053,48,48,,1.0,20,3
4dfa8f0f7e937512cd5290ab034361af,2602192053,41,45,,0.9111111111111111,20,3
a66eb54d3663042852760af961e21281,2602192053,28,35,,0.8,20,3
efcd20cba52ad7478ed6154ade51663e,2602192053,35,43,,0.813953488372093,20,3
ede6fe4d9a6df2292e8f6401e97d99fd,2602192053,44,44,,1.0,20,3
a10def1badd6b510e48a51d1c7b42974,2602192053,41,41,,1.0,20,3
2ca0e2facd44ba7b435807ff4e7d8e89,2602192053,31,31,,1.0,20,3
6c1b6c2474d9a4f041f6b67af074f9a4,2602192053,48,48,,1.0,20,3
17c37b5e901e1a1952191afcbbd47746,2602192053,50,50,,1.0,20,3
5786dd51982a8ac241cac8fb36872488,2602192053,44,44,,1.0,20,3
c53d2b5509eb1fee2bf7930708b60b9c,2602192053,29,35,,0.8285714285714286,20,3
7472b2b8b297cbf6c1a9687823b3b197,2602192053,46,46,,1.0,20,3
6d4eb2a8d9749b2777226b37d599309d,2602192053,44,44,,1.0,20,3
b68801818ee73b886d639542d5f19970,2602192053,27,34,,0.7941176470588235,20,3
c96d79a6202a6daba16af63648f21a7d,2602192053,42,42,,1.0,20,3
77f69778beebffb99eabbf1b573e9d5c,2602192053,50,50,,1.0,20,3
ef0cb5cf3d9a7e3a5b034a5bccb3bb1a,2602192053,50,50,,1.0,20,3
68d33a0ebf8c13f8c8f8ade0968a429f,2602192053,27,35,,0.7714285714285715,20,3
6196412e3fe6708c33b7537ce4efd5cf,2602192053,32,32,,1.0,20,3
f6e72220d947918a23c99fb2ac113889,2602192053,42,42,,1.0,20,3
3b8e9991ad4c60cc74b43f6d0e840ae0,2602192053,50,50,,1.0,20,3
606ad9248b88d03945950465d28ed332,2602192053,15,25,,0.6,20,3
422e0b8d27dc7f8f7c3f744ab2e7726d,2602192053,30,30,,1.0,20,3
89d43ae98055780fd75512d6ca049cc4,2602192053,21,31,,0.6774193548387096,20,3
4998baaef8a2e684b050d87618b61c69,2602192053,30,30,,1.0,20,3
f3061ea5737aa9bc1e1bcdd11c8c310b,2602192053,21,29,,0.7241379310344828,20,3
9ee40a84d58d50eaa8b4953c716689e8,2602192053,42,42,,1.0,20,3
add6aef833a2d53c35e87e4831ae95d0,2602192053,21,30,,0.7,20,3
438cfff3265fdfaa7066d3a2e5a3f132,2602192053,50,50,,1.0,20,3
f39f828f31187c53c42b8b240e6e4f42,2602192053,50,50,,1.0,20,3
433ddc474435d11431f4dc613f610240,2602192053,27,35,,0.7714285714285715,20,3
ccb8e3fac01db4ec33b6f3c076fed177,2602192053,27,35,,0.7714285714285715,20,3
26001b044165deb21168da48ed671ce9,2602192053,47,47,,1.0,20,3
4c72f46beebeef4a8a65f4c53a7ee364,2602192053,24,33,,0.7272727272727273,20,3
8f0db9841fb1c88f34ffb23c8c966109,2602192053,21,31,,0.6774193548387096,20,3
ead7bf064ec11a35db5c21029ecd37b9,2602192053,44,44,,1.0,20,3
223161c5bab81cb3edab1dc352e9c32b,2602192053,24,30,,0.8,20,3
812d7288783683078f78cca0610b2f86,2602192053,50,50,,1.0,20,3
7d378501e7e90a99520c24036a7f28fd,2602192053,21,27,,0.7777777777777778,20,3
dab3fcd98e9c3c0207cc0f686ff98c70,2602192053,48,48,,1.0,20,3
2cd3c6e1f3d565cec3815f7486b43aa1,2602192053,31,31,,1.0,20,3
957b4ec23e74ec7fa0f0e463b11b6b35,2602192053,50,50,,1.0,20,3
1b980e7b36106a2e8aa6538d8b4607b1,2602192053,48,48,,1.0,20,3
00752462350ec58ce14ccd1a780b0972,2602192053,42,42,,1.0,20,3
a070f13924a5d4fa455e56474fa9d0b1,2602192053,48,48,,1.0,20,3
e33aff812a7445733975cbc012f88ce6,2602192053,50,50,,1.0,20,3
d9064be04f3a840c40de50b2723036bd,2602192053,26,32,,0.8125,20,3
d3d2b3a194453ebf38c2613d4ead0ada,2602192053,22,33,,0.6666666666666666,20,3
976a0010c46a94e0a64826380ff68000,2602192053,13,25,,0.52,20,3
ef015717e3061d47aef76972d54f17a3,2602192053,42,42,,1.0,20,3
46368c6d5e76f0d5a3a1171396628776,2602192053,41,41,,1.0,20,3
4c5ab98d3f877b164d5968af8a471d72,2602192053,47,47,,1.0,20,3
5247aa2091ddf16d6bd6d1af288aa8e8,2602192053,31,31,,1.0,20,3
6ba465fe348892a2bba49417190d0573,2602192053,39,39,,1.0,20,3
25279f9ad1e7e0308fd6b9e1bd69cad6,2602192053,14,24,,0.5833333333333334,20,3
fc788715d97b4175561a474645ff6656,2602192053,14,24,,0.5833333333333334,20,3
97b132b6bfc8d24dea77af0852a39352,2602192053,41,41,,1.0,20,3
22fb3b4e42d2240b7b06d63127bb1e02,2602192053,42,42,,1.0,20,3
b1ac0e5ba733f46edbd5384859300381,2602192053,23,31,,0.7419354838709677,20,3
3a2fbaa969dcaefe75eac073a7b3c11f,2602192053,60,60,,1.0,20,3
6be6468ae9b09cad825efc911573017e,2602192053,21,30,,0.7,20,3
a288ff9999b6c92f19b97abec035ff71,2602192053,21,30,,0.7,20,3
827d5617b5f14105d80ea56819235c8f,2602192053,35,35,,1.0,20,3
e9e4ce69a95ab2752df500584d2c6b36,2602192053,42,42,,1.0,20,3
23daa00840e63ea29a4c043e5b3305d5,2602192053,65,65,,1.0,20,3
0f9decd1197f618968f574a18a3600d2,2602192053,24,32,,0.75,20,3
9b1e3781cf303894df92bef9a2bedaf5,2602192053,26,26,,1.0,20,3
8e487f0d16c9331f0b51c83e5a81bfb2,2602192053,14,26,,0.5384615384615384,20,3
0371a191949ced5da38b42b3c6f371a4,2602192053,31,31,,1.0,20,3
9bff8d37b1a04bcd808d16fda8e383ee,2602192053,24,32,,0.75,20,3
