fs_method,family,algorithm,params,n_clusters,silhouette,davies_bouldin,calinski_harabasz,ARI,NMI,accuracy_majority,MAE,RMSE,n_points,noise_ratio,largest_cluster_ratio,min_cluster_size,largest_cluster_size
XGB,partition,KMeans,"{'k': 3, 'n_init': 10}",3,0.25864232681405463,1.496348126832144,523.7719317284711,0.27180253209377603,0.3486665012753033,0.5017721518987341,0.7989873417721519,1.2588924205754353,1975,0.0,0.4172151898734177,508,824
XGB,partition,KMeans,"{'k': 3, 'n_init': 20}",3,0.25864232681405463,1.496348126832144,523.7719317284711,0.27180253209377603,0.3486665012753033,0.5017721518987341,0.7989873417721519,1.2588924205754353,1975,0.0,0.4172151898734177,508,824
XGB,partition,KMeans,"{'k': 5, 'n_init': 10}",5,0.27712064795552166,1.154266042887922,507.71585462080435,0.406384508121782,0.5018154862747508,0.5934177215189873,0.5913924050632912,1.0078175442666424,1975,0.0,0.3230379746835443,2,638
XGB,partition,KMeans,"{'k': 5, 'n_init': 20}",5,0.27738650537366194,1.1533950978794938,507.7738418648468,0.40456519263337565,0.5001005027474857,0.5929113924050633,0.5913924050632912,1.0068122397328856,1975,0.0,0.32556962025316455,2,643
XGB,partition,KMeans,"{'k': 7, 'n_init': 10}",7,0.2679462246668797,1.1669398654052459,491.250177408795,0.3899680136600687,0.4856627986879273,0.6091139240506329,0.5058227848101265,0.8798734086161903,1975,0.0,0.26936708860759495,2,532
XGB,partition,KMeans,"{'k': 7, 'n_init': 20}",7,0.2679462246668797,1.1669398654052459,491.250177408795,0.3899680136600687,0.4856627986879273,0.6091139240506329,0.5058227848101265,0.8798734086161903,1975,0.0,0.26936708860759495,2,532
XGB,partition,KMeans,"{'k': 9, 'n_init': 10}",9,0.27797637361591504,1.1770647906135223,461.0041655927528,0.2889944940907314,0.4587978524434495,0.6081012658227848,0.4769620253164557,0.8273795755427592,1975,0.0,0.25924050632911394,2,512
XGB,partition,KMeans,"{'k': 9, 'n_init': 20}",9,0.27521548582918853,1.1819614123910118,461.07026969679447,0.2926911530780215,0.46826812093993087,0.6156962025316456,0.4562025316455696,0.7946020419450802,1975,0.0,0.25772151898734175,2,509
XGB,partition,KMeans,"{'k': 11, 'n_init': 10}",11,0.2707796863841975,1.1833312419158015,438.22892080850954,0.2632736155687849,0.4226724134982423,0.6156962025316456,0.48455696202531645,0.8535851421719505,1975,0.0,0.20455696202531645,2,404
XGB,partition,KMeans,"{'k': 11, 'n_init': 20}",11,0.2707796863841975,1.1833312419158015,438.22892080850954,0.2632736155687849,0.4226724134982423,0.6156962025316456,0.48455696202531645,0.8535851421719505,1975,0.0,0.20455696202531645,2,404
XGB,partition,KMeans,"{'k': 13, 'n_init': 10}",13,0.28568842767011915,1.1840250995059995,413.4744969814884,0.22177802188691753,0.40456203084686904,0.6096202531645569,0.4921518987341772,0.8662446229763525,1975,0.0,0.2020253164556962,2,399
XGB,partition,KMeans,"{'k': 13, 'n_init': 20}",13,0.2692965306860686,1.2251289309227547,413.70958421026785,0.24173886923100796,0.4023043828107749,0.6111392405063291,0.49265822784810126,0.8706174151395685,1975,0.0,0.20303797468354431,2,401
XGB,partition,KMeans,"{'k': 15, 'n_init': 10}",15,0.2827274783408203,1.1868808611661466,408.36464764424267,0.20382271257156512,0.3965017387162524,0.6364556962025316,0.44556962025316454,0.8081859668182969,1975,0.0,0.1589873417721519,2,314
XGB,partition,KMeans,"{'k': 15, 'n_init': 20}",15,0.2827274783408203,1.1868808611661466,408.36464764424267,0.20382271257156512,0.3965017387162524,0.6364556962025316,0.44556962025316454,0.8081859668182969,1975,0.0,0.1589873417721519,2,314
XGB,partition,KMeans,"{'k': 17, 'n_init': 10}",17,0.292036677060476,1.1455372978123868,388.40479481548107,0.1883163506064773,0.3961683093457144,0.64,0.419746835443038,0.750695879699275,1975,0.0,0.1579746835443038,2,312
XGB,partition,KMeans,"{'k': 17, 'n_init': 20}",17,0.27844191815254876,1.1691596595529046,394.4444728220967,0.21498160210031353,0.4212445118703915,0.6794936708860759,0.3615189873417721,0.6832535715515687,1975,0.0,0.11189873417721519,2,221
XGB,partition,KMeans,"{'k': 19, 'n_init': 10}",19,0.2962661070187938,1.089439371240101,384.8699672431181,0.20013134888051196,0.4092310007386395,0.649620253164557,0.4212658227848101,0.7650597726296963,1975,0.0,0.1448101265822785,2,286
XGB,partition,KMeans,"{'k': 19, 'n_init': 20}",19,0.2962661070187938,1.089439371240101,384.8699672431181,0.20013134888051196,0.4092310007386395,0.649620253164557,0.4212658227848101,0.7650597726296963,1975,0.0,0.1448101265822785,2,286
XGB,partition,MiniBatchKMeans,{'k': 3},3,0.2592023442164423,1.4796316736093995,522.5433349942165,0.255890648276631,0.3340855392000951,0.4982278481012658,0.839493670886076,1.323210518379206,1975,0.0,0.43493670886075947,477,859
XGB,partition,MiniBatchKMeans,{'k': 5},5,0.25970281758510755,1.3538157291610664,405.95772771353677,0.3276368836177021,0.4741128689375034,0.590379746835443,0.6126582278481013,1.0394740637042965,1975,0.0,0.31443037974683546,165,621
XGB,partition,MiniBatchKMeans,{'k': 7},7,0.28161078513903565,1.4289308632275473,360.01105712917723,0.3024705187217762,0.4801864756684805,0.6111392405063291,0.44354430379746834,0.7462988847080342,1975,0.0,0.2992405063291139,72,591
XGB,partition,MiniBatchKMeans,{'k': 9},9,0.2409325652023441,1.4384048939037368,347.58285608065444,0.28130189800766425,0.43581330531411977,0.6364556962025316,0.5027848101265823,0.9192732407392485,1975,0.0,0.20506329113924052,47,405
XGB,partition,MiniBatchKMeans,{'k': 11},11,0.22281590349391886,1.4293077917739692,310.420092109298,0.2929545629711533,0.4535672622217537,0.6789873417721519,0.39341772151898735,0.7527165990470867,1975,0.0,0.19949367088607595,46,394
XGB,partition,MiniBatchKMeans,{'k': 13},13,0.24247103546344545,1.3645398349605853,283.47833828379777,0.26669538029857115,0.4295763975601379,0.6713924050632911,0.40810126582278483,0.7637349928087008,1975,0.0,0.1939240506329114,22,383
XGB,partition,MiniBatchKMeans,{'k': 15},15,0.2539951342346836,1.3132906585378152,262.80045653439515,0.2426363656249843,0.432210753955834,0.670379746835443,0.41012658227848103,0.7670426522558879,1975,0.0,0.1959493670886076,18,387
XGB,partition,MiniBatchKMeans,{'k': 17},17,0.24741029267900208,1.313290113343344,241.84933957990975,0.24117468609795584,0.43052540784377824,0.6789873417721519,0.3939240506329114,0.7462988847080342,1975,0.0,0.1858227848101266,18,367
XGB,partition,MiniBatchKMeans,{'k': 19},19,0.2566241527771951,1.2840904415958323,241.38330133019295,0.21574925030669978,0.4217458526658019,0.669367088607595,0.370126582278481,0.6828829430612912,1975,0.0,0.16860759493670885,18,333
XGB,hierarchical,Agglomerative_single,{'k': 3},3,0.8586173299218696,0.10051230704584424,87.71466461694378,6.214678007024149e-07,0.002013545627098351,0.22278481012658227,1.3741772151898735,1.7225239062477293,1975,0.0,0.9989873417721519,1,1973
XGB,hierarchical,Agglomerative_single,{'k': 5},5,0.5297942390096928,0.36617453612046114,54.05686618823837,2.384243424490274e-05,0.006984670282742812,0.22531645569620254,1.3675949367088607,1.7170772930709166,1975,0.0,0.9964556962025316,1,1968
XGB,hierarchical,Agglomerative_single,{'k': 7},7,0.45040226899041863,0.3806643693575837,48.986548117492795,9.421915197207471e-05,0.012852660132980328,0.22835443037974684,1.3584810126582278,1.7090970300798747,1975,0.0,0.9934177215189873,1,1962
XGB,hierarchical,Agglomerative_single,{'k': 9},9,0.35360525273528204,0.3747628026973341,37.35621577777051,3.545121675979817e-05,0.013725867893590106,0.22835443037974684,1.3584810126582278,1.7090970300798747,1975,0.0,0.9929113924050633,1,1961
XGB,hierarchical,Agglomerative_single,{'k': 11},11,0.28120502946259,0.4112787798931922,30.896703421286617,5.8460548209182076e-05,0.01562767549245085,0.22936708860759494,1.3554430379746836,1.7064286490144307,1975,0.0,0.9918987341772152,1,1959
XGB,hierarchical,Agglomerative_single,{'k': 13},13,0.23385448319033553,0.4104990802995505,27.061259743078736,5.343230579552533e-05,0.017476841905017824,0.23037974683544304,1.3544303797468353,1.7061319046162189,1975,0.0,0.9908860759493671,1,1957
XGB,hierarchical,Agglomerative_single,{'k': 15},15,0.21940455957581295,0.4344781892683607,25.786060662899413,0.0001597181475717526,0.020507802851147585,0.23291139240506328,1.3468354430379748,1.6994414570154468,1975,0.0,0.9863291139240506,1,1948
XGB,hierarchical,Agglomerative_single,{'k': 17},17,0.1853825019477283,0.4263546876703534,22.820549685953832,0.00017377755376742223,0.021407100885256228,0.23341772151898735,1.3453164556962025,1.6981002042863866,1975,0.0,0.9858227848101265,1,1947
XGB,hierarchical,Agglomerative_single,{'k': 19},19,0.16558179726108646,0.41133003749088454,22.057771959008715,0.00022086200225331527,0.025067259048524082,0.23493670886075949,1.340759493670886,1.6940700746195592,1975,0.0,0.9848101265822785,1,1945
XGB,hierarchical,Agglomerative_complete,{'k': 3},3,0.4150249558702305,0.9754058107298059,164.64355091622505,0.001218631505381049,0.02496198819724417,0.24,1.3382278481012657,1.7022695200782225,1975,0.0,0.9721518987341772,2,1920
XGB,hierarchical,Agglomerative_complete,{'k': 5},5,0.3689106893335852,0.7954298017574224,106.72084650350806,0.0007972508412797452,0.030267290218087543,0.24,1.3382278481012657,1.7022695200782225,1975,0.0,0.9670886075949368,2,1910
XGB,hierarchical,Agglomerative_complete,{'k': 7},7,0.1359975348316355,1.2392506226606455,139.69269562333173,0.14028898542270987,0.18700550268350238,0.3868354430379747,1.2627848101265822,1.8807485716792178,1975,0.0,0.550379746835443,2,1087
XGB,hierarchical,Agglomerative_complete,{'k': 9},9,0.12624154031205653,1.110633899713423,173.6674462671417,0.19283417482500267,0.24322869091413296,0.4769620253164557,0.980253164556962,1.5514794899046964,1975,0.0,0.41670886075949365,2,823
XGB,hierarchical,Agglomerative_complete,{'k': 11},11,0.14318001765762794,1.2055759401368804,239.629926796363,0.19395485268957383,0.2987254387232545,0.5174683544303798,0.9417721518987342,1.5419862252910503,1975,0.0,0.3341772151898734,2,660
XGB,hierarchical,Agglomerative_complete,{'k': 13},13,0.15092941241397287,1.280615862832459,227.63960083967072,0.19790262250362745,0.300026107197851,0.5270886075949367,0.8774683544303797,1.4542821971202011,1975,0.0,0.30430379746835445,2,601
XGB,hierarchical,Agglomerative_complete,{'k': 15},15,0.1495952708207451,1.2247561526339463,198.81442346970087,0.19775789061621535,0.3011881742222741,0.5275949367088607,0.8754430379746836,1.4514942104734605,1975,0.0,0.30430379746835445,1,601
XGB,hierarchical,Agglomerative_complete,{'k': 17},17,0.12492746894787697,1.2764680729062405,191.38293875690107,0.17532241437498783,0.3077391982729817,0.5275949367088607,0.8754430379746836,1.4514942104734605,1975,0.0,0.30430379746835445,1,601
XGB,hierarchical,Agglomerative_complete,{'k': 19},19,0.1333375183682223,1.2805688755751545,192.5967590970042,0.15679936778212727,0.3154205254992461,0.5275949367088607,0.8754430379746836,1.4514942104734605,1975,0.0,0.2470886075949367,1,488
XGB,hierarchical,Agglomerative_average,{'k': 3},3,0.621496549419597,0.44674425830293796,139.69563651752256,7.869877227658789e-05,0.008154786022186755,0.22632911392405064,1.3655696202531646,1.7164874348284787,1975,0.0,0.9944303797468355,2,1964
XGB,hierarchical,Agglomerative_average,{'k': 5},5,0.5219796335914144,0.47938474448612434,80.89907757017062,0.00013352245885112673,0.013009015741994107,0.22886075949367088,1.3589873417721519,1.711021606149046,1975,0.0,0.9918987341772152,1,1959
XGB,hierarchical,Agglomerative_average,{'k': 7},7,0.36971451397058397,0.5090712046537509,61.26131383380216,0.00029984500166662634,0.018466566835134937,0.23291139240506328,1.3463291139240505,1.6992924812135375,1975,0.0,0.9863291139240506,1,1948
XGB,hierarchical,Agglomerative_average,{'k': 9},9,0.29519553328965187,0.6704269438720067,58.632478732168565,0.0012078678720201656,0.036198867473548994,0.2440506329113924,1.3341772151898734,1.7013769553816689,1975,0.0,0.9670886075949368,1,1910
XGB,hierarchical,Agglomerative_average,{'k': 11},11,0.22738960571755618,0.7151788937970799,48.23154047719585,0.0011150665349219963,0.03860426429897669,0.24455696202531646,1.3341772151898734,1.7022695200782225,1975,0.0,0.9650632911392405,1,1906
XGB,hierarchical,Agglomerative_average,{'k': 13},13,0.17467707073811894,0.8128360007689123,58.127108403542515,0.003616490999731873,0.10912895634312932,0.2739240506329114,1.2845569620253166,1.6692300961593194,1975,0.0,0.9164556962025316,1,1810
XGB,hierarchical,Agglomerative_average,{'k': 15},15,0.08395334856844283,0.8499637457953478,56.41979459446133,0.0019160707658776096,0.11858950298371493,0.28151898734177216,1.2769620253164558,1.666953561805244,1975,0.0,0.9068354430379747,1,1791
XGB,hierarchical,Agglomerative_average,{'k': 17},17,0.06112720396785933,0.8143880393891081,51.32463336797051,0.0013727201761480697,0.11884952984233102,0.28151898734177216,1.2769620253164558,1.666953561805244,1975,0.0,0.9068354430379747,1,1791
XGB,hierarchical,Agglomerative_average,{'k': 19},19,0.20809871949794026,0.8079627805989708,118.59647832597736,0.09598091674704681,0.1916761487815747,0.3979746835443038,1.0764556962025316,1.5760871273224055,1975,0.0,0.45772151898734176,1,904
XGB,hierarchical,Agglomerative_ward,{'k': 3},3,0.2842482982177142,1.075780856719727,469.5152193530927,0.08983284869354793,0.11770536918908776,0.3281012658227848,1.4739240506329114,1.9802825524004832,1975,0.0,0.5037974683544304,2,995
XGB,hierarchical,Agglomerative_ward,{'k': 5},5,0.23730719015083493,1.2856477817255443,453.6517154934948,0.3155732062277732,0.41169537254819855,0.5336708860759494,0.7655696202531646,1.2439219316950316,1975,0.0,0.30683544303797466,2,606
XGB,hierarchical,Agglomerative_ward,{'k': 7},7,0.24788831543235462,1.262072972229591,444.5994883780537,0.3427026557726165,0.4204200434343303,0.579240506329114,0.619746835443038,1.0692479316045023,1975,0.0,0.24151898734177216,2,477
XGB,hierarchical,Agglomerative_ward,{'k': 9},9,0.22894284665014356,1.2787833012549763,407.41092659692555,0.25746469938847,0.41399355847025193,0.6045569620253165,0.5574683544303798,1.0035380449165525,1975,0.0,0.22734177215189874,2,449
XGB,hierarchical,Agglomerative_ward,{'k': 11},11,0.23729485837999836,1.341801699491876,381.1107329786083,0.26239068341872945,0.42686025573369085,0.6445569620253164,0.43139240506329113,0.7827248736613021,1975,0.0,0.16151898734177214,2,319
XGB,hierarchical,Agglomerative_ward,{'k': 13},13,0.23586127779437288,1.2916308412478346,364.88401573054654,0.2561702421140261,0.42647034904937614,0.6516455696202532,0.40607594936708863,0.7422170005795927,1975,0.0,0.16151898734177214,2,319
XGB,hierarchical,Agglomerative_ward,{'k': 15},15,0.2514805037238256,1.3391344420784062,353.0272258807794,0.23870511729152266,0.41831897744987045,0.6516455696202532,0.40607594936708863,0.7422170005795927,1975,0.0,0.16151898734177214,2,319
XGB,hierarchical,Agglomerative_ward,{'k': 17},17,0.2639560124030779,1.2420805025663717,345.08329487871686,0.20664301598485246,0.41050873857383835,0.6516455696202532,0.40607594936708863,0.7422170005795927,1975,0.0,0.16151898734177214,2,319
XGB,hierarchical,Agglomerative_ward,{'k': 19},19,0.26524287148212017,1.1615374166294885,338.432514559922,0.1930666041085032,0.4044694474134014,0.6516455696202532,0.40607594936708863,0.7422170005795927,1975,0.0,0.16151898734177214,2,319
XGB,density,DBSCAN,"{'eps': 0.2, 'min_samples': 5}",32,-0.34113480274968766,1.0940655807073436,10.044835995863025,0.02179287346682764,0.21098739068397895,0.943952802359882,0.05604719764011799,0.23674289353667619,1975,0.8283544303797469,0.012151898734177215,3,24
XGB,density,DBSCAN,"{'eps': 0.2, 'min_samples': 10}",9,-0.25509918882216825,1.0106017004059864,17.671307429225326,0.013967095822198686,0.13503911191988652,0.9751552795031055,0.024844720496894408,0.15762208124782012,1975,0.9184810126582279,0.012151898734177215,12,24
XGB,density,DBSCAN,"{'eps': 0.2, 'min_samples': 20}",3,0.023452842502251107,0.918547914042614,24.684724318055736,0.003349866598756243,0.06609221944642305,1.0,0.0,0.0,1975,0.9645569620253165,0.012151898734177215,23,24
XGB,density,DBSCAN,"{'eps': 0.4, 'min_samples': 5}",46,-0.22792149135838452,1.3555725294072585,13.471831218891499,0.035209669551541374,0.23865514286000658,0.7654867256637168,0.24926253687315633,0.5279782779119825,1975,0.6567088607594936,0.02329113924050633,5,46
XGB,density,DBSCAN,"{'eps': 0.4, 'min_samples': 10}",18,-0.26564512187460043,1.2261161786692736,20.940009117339734,0.02411540882993713,0.20230891286271832,0.7840909090909091,0.22272727272727272,0.4861724348043977,1975,0.7772151898734178,0.021772151898734177,12,43
XGB,density,DBSCAN,"{'eps': 0.4, 'min_samples': 20}",5,-0.25188999494714914,1.1034929515868386,23.181953562201084,0.006834712244212788,0.09731351340952381,0.8923076923076924,0.1076923076923077,0.3281650616569468,1975,0.9341772151898734,0.015189873417721518,24,30
XGB,density,DBSCAN,"{'eps': 0.6, 'min_samples': 5}",46,-0.09059310536207976,1.5206025022021896,24.06138792156587,0.07206578168959368,0.28797765947486714,0.6798964624676446,0.33908541846419327,0.6140433049287882,1975,0.4131645569620253,0.09367088607594937,5,185
XGB,density,DBSCAN,"{'eps': 0.6, 'min_samples': 10}",21,-0.1186351756202875,1.4528091266497516,35.28727537237074,0.05071198040609056,0.2585121828157931,0.6952941176470588,0.3176470588235294,0.5861138215097011,1975,0.569620253164557,0.08962025316455696,10,177
XGB,density,DBSCAN,"{'eps': 0.6, 'min_samples': 20}",10,-0.18573778375080843,1.3564299008328975,43.043742638920115,0.03944389583123353,0.2088495480086654,0.7063197026022305,0.3066914498141264,0.5768134487395732,1975,0.7275949367088608,0.07645569620253165,20,151
XGB,density,DBSCAN,"{'eps': 0.8, 'min_samples': 5}",27,0.03979163671765285,1.76471939568922,56.63692851624326,0.11675905419455548,0.30911642104172354,0.6310013717421125,0.42592592592592593,0.7384222976806254,1975,0.26177215189873415,0.11341772151898734,5,224
XGB,density,DBSCAN,"{'eps': 0.8, 'min_samples': 10}",14,0.035180262621688385,1.8429453667854703,84.37292749575106,0.11787794126782501,0.30761958237820464,0.6402535657686212,0.401743264659271,0.6969482947213914,1975,0.3610126582278481,0.10582278481012658,17,209
XGB,density,DBSCAN,"{'eps': 0.8, 'min_samples': 20}",12,-0.013238418245244937,1.7468508620678276,79.83593572060929,0.11524449334511619,0.30557366257655216,0.6669829222011385,0.357685009487666,0.6379818750288092,1975,0.46632911392405063,0.09924050632911392,35,196
XGB,density,DBSCAN,"{'eps': 1.0, 'min_samples': 5}",10,0.1330874252173304,2.0155009937741664,122.7634398229858,0.12526065290121588,0.29759407759543705,0.4559710494571773,0.7279855247285887,1.061725840863837,1975,0.16050632911392404,0.390379746835443,6,771
XGB,density,DBSCAN,"{'eps': 1.0, 'min_samples': 10}",9,0.17342962081024524,1.997116129961953,136.66612772020738,0.13528139692986807,0.3091236821871803,0.5006605019815059,0.6505944517833554,0.9836846054026711,1975,0.23341772151898735,0.3518987341772152,9,695
XGB,density,DBSCAN,"{'eps': 1.0, 'min_samples': 20}",7,0.17834104116966,1.9499025560557366,152.5541988563332,0.13842960894862688,0.30312339443797964,0.5083514887436456,0.6383442265795207,0.9712647012147142,1975,0.30278481012658226,0.32354430379746835,35,639
XGB,density,DBSCAN,"{'eps': 1.2, 'min_samples': 5}",9,0.22406794865571814,2.086588773585812,140.71861599651106,0.12397562596754334,0.29871100114451327,0.4386873920552677,0.8578008059873344,1.2495249529099979,1975,0.12050632911392405,0.4232911392405063,5,836
XGB,density,DBSCAN,"{'eps': 1.2, 'min_samples': 10}",6,0.24649318323335384,2.2411631121850633,189.94900512260404,0.1243746075062124,0.2908213342351302,0.43863912515188336,0.7563791008505468,1.0859200510302993,1975,0.16658227848101265,0.39746835443037976,87,785
XGB,density,DBSCAN,"{'eps': 1.2, 'min_samples': 20}",8,0.2161927852050357,2.0273300546872233,158.55001104722135,0.133053285803365,0.3074849458752838,0.48515476942514213,0.6727732154137713,1.0025236633191483,1975,0.19848101265822785,0.3827848101265823,35,756
XGB,density,DBSCAN,"{'eps': 1.4, 'min_samples': 5}",11,0.1694110473108027,2.096337974452715,118.92360844163457,0.16527545025610582,0.3210966620723253,0.4395183360700602,0.8620689655172413,1.256183392633317,1975,0.0749367088607595,0.44455696202531647,4,878
XGB,density,DBSCAN,"{'eps': 1.4, 'min_samples': 10}",6,0.20265274961482416,2.3986142221854165,191.36694711287186,0.16452585758565025,0.3129109874848861,0.4340909090909091,0.8681818181818182,1.2590580894967764,1975,0.10886075949367088,0.43443037974683546,5,858
XGB,density,DBSCAN,"{'eps': 1.4, 'min_samples': 20}",5,0.24881780675338472,2.438393465474015,221.61054221686211,0.16382475184851786,0.3078964926619438,0.4340175953079179,0.8674486803519061,1.259101760542713,1975,0.13670886075949368,0.41670886075949365,89,823
XGB,density,OPTICS,"{'min_samples': 20, 'xi': 0.03}",18,-0.18187115750953436,1.399415929018913,35.92239698080882,0.04677044803187179,0.26102465071588316,0.7821637426900585,0.23538011695906433,0.5200652230800575,1975,0.6536708860759494,0.033924050632911394,20,67
XGB,density,OPTICS,"{'min_samples': 20, 'xi': 0.05}",14,-0.15820765559230882,1.3995972105640744,38.624657255591835,0.04508695298932423,0.2376530138709466,0.7092307692307692,0.3169230769230769,0.6076436202502,1975,0.6708860759493671,0.0729113924050633,20,144
XGB,model,GMM,"{'n_components': 3, 'covariance_type': 'full'}",3,0.27649329833010583,1.5273146848655148,490.0710913745778,0.21411265521708567,0.354195358641844,0.4172151898734177,1.1792405063291138,1.677098156891272,1975,0.0,0.49670886075949366,384,981
XGB,model,GMM,"{'n_components': 3, 'covariance_type': 'tied'}",3,0.2767240481243403,1.5267060388302653,490.3487624256238,0.21381658834651024,0.3519546508588908,0.41670886075949365,1.179746835443038,1.6772491040277904,1975,0.0,0.49670886075949366,385,981
XGB,model,GMM,"{'n_components': 3, 'covariance_type': 'diag'}",3,0.27649329833010583,1.5273146848655148,490.0710913745778,0.21411265521708567,0.354195358641844,0.4172151898734177,1.1792405063291138,1.677098156891272,1975,0.0,0.49670886075949366,384,981
XGB,model,GMM,"{'n_components': 3, 'covariance_type': 'spherical'}",3,0.17724540397993652,1.2935651956282963,292.5413119689981,0.1773586622744153,0.36940054791531307,0.42632911392405065,1.1443037974683545,1.6651300933705153,1975,0.0,0.7078481012658228,225,1398
XGB,model,GMM,"{'n_components': 5, 'covariance_type': 'full'}",5,0.2707634412463688,4.892581075900139,291.86860206511915,0.23645062279431955,0.37276951819621923,0.47139240506329116,1.0248101265822784,1.5297886012639008,1975,0.0,0.44151898734177214,67,872
XGB,model,GMM,"{'n_components': 5, 'covariance_type': 'tied'}",5,0.23499460699553743,1.4722318870523714,370.1547763652368,0.28587015549424905,0.40080667205746023,0.5169620253164557,0.8486075949367089,1.3331223461758555,1975,0.0,0.3473417721518987,28,686
XGB,model,GMM,"{'n_components': 5, 'covariance_type': 'diag'}",5,0.2821667308419386,3.269467582930923,312.7515666203969,0.22730069629476227,0.36206965706187755,0.4607594936708861,1.0425316455696203,1.5372176081100373,1975,0.0,0.45721518987341775,32,903
XGB,model,GMM,"{'n_components': 5, 'covariance_type': 'spherical'}",5,0.24029088190108636,2.4007449355450428,310.6332458202235,0.3641502530317837,0.4490823820378902,0.5559493670886076,0.5777215189873418,0.9680987500629353,1975,0.0,0.27139240506329115,221,536
XGB,model,GMM,"{'n_components': 7, 'covariance_type': 'full'}",7,0.24602811558916313,1.5990564354299188,321.4461521308898,0.31439709251113707,0.48636090178672525,0.6096202531645569,0.5215189873417722,0.9090264649195042,1975,0.0,0.2972151898734177,36,587
XGB,model,GMM,"{'n_components': 7, 'covariance_type': 'tied'}",7,0.25181923131444706,1.4230617824860785,327.80158219481996,0.23079040159650424,0.38116264050174864,0.5508860759493671,0.7205063291139241,1.1832159566199232,1975,0.0,0.33974683544303796,27,671
XGB,model,GMM,"{'n_components': 7, 'covariance_type': 'diag'}",7,0.19885814885854264,2.5949561519174047,241.78207705793807,0.16679396890686077,0.3245728012792543,0.47645569620253164,0.9848101265822785,1.4835810251643986,1975,0.0,0.3675949367088608,76,726
XGB,model,GMM,"{'n_components': 7, 'covariance_type': 'spherical'}",7,0.2252807177428753,2.2246993572949116,239.49471402719783,0.2423804984947727,0.39564482662596995,0.5392405063291139,0.6308860759493671,1.0399610508772779,1975,0.0,0.24658227848101266,140,487
XGB,model,GMM,"{'n_components': 9, 'covariance_type': 'full'}",9,0.27212137581745854,1.3756418140226971,355.4633455988311,0.2517152414444497,0.41076059813350685,0.5640506329113925,0.6541772151898734,1.0847621217389063,1975,0.0,0.3488607594936709,2,689
XGB,model,GMM,"{'n_components': 9, 'covariance_type': 'tied'}",9,0.24183857255837254,1.3471023995049753,337.0529602945292,0.22383067466727932,0.34012280543410434,0.5235443037974683,0.739240506329114,1.2016865784851691,1975,0.0,0.2688607594936709,2,531
XGB,model,GMM,"{'n_components': 9, 'covariance_type': 'diag'}",9,0.2377333783876813,2.641128165186607,268.8805236545476,0.184616442645064,0.31971207826095904,0.48658227848101265,0.9422784810126582,1.4406398016071482,1975,0.0,0.379746835443038,2,750
XGB,model,GMM,"{'n_components': 9, 'covariance_type': 'spherical'}",9,0.1963252319822538,1.6019535379116108,302.11742008133626,0.2854922842105323,0.421320967069178,0.6050632911392405,0.5589873417721519,1.046755082400676,1975,0.0,0.20556962025316455,2,406
XGB,model,GMM,"{'n_components': 11, 'covariance_type': 'full'}",11,0.2305936448533,1.6520003916642751,313.5261073117856,0.24687598286779935,0.39740587101674607,0.5741772151898734,0.5817721518987342,0.9887980172853007,1975,0.0,0.1989873417721519,2,393
XGB,model,GMM,"{'n_components': 11, 'covariance_type': 'tied'}",11,0.2281610958990515,1.7031261059806695,308.15220070965404,0.2158252513918655,0.3245316459924184,0.5164556962025316,0.7564556962025316,1.221329427149061,1975,0.0,0.21316455696202533,2,421
XGB,model,GMM,"{'n_components': 11, 'covariance_type': 'diag'}",11,0.24113635650242438,1.5480785724027937,300.856366887754,0.2291423800589851,0.35357045016471994,0.5432911392405063,0.6820253164556962,1.1103654319209795,1975,0.0,0.21063291139240506,2,416
XGB,model,GMM,"{'n_components': 11, 'covariance_type': 'spherical'}",11,0.20962985082041918,1.4381229089014063,304.1896112094613,0.2664177919634641,0.38755139874365707,0.6182278481012659,0.5012658227848101,0.910139786175589,1975,0.0,0.1610126582278481,2,318
XGB,model,GMM,"{'n_components': 13, 'covariance_type': 'full'}",13,0.22907396293604726,2.2245086881185037,247.42133047830654,0.20620670354884502,0.3876325781812142,0.5605063291139241,0.64,1.0510994846265878,1975,0.0,0.3265822784810127,2,645
XGB,model,GMM,"{'n_components': 13, 'covariance_type': 'tied'}",13,0.23356241605787836,1.5971056157608694,275.90719770049714,0.16210890631902428,0.31689251362427767,0.5174683544303798,0.7554430379746836,1.2209147846563269,1975,0.0,0.21215189873417722,2,419
XGB,model,GMM,"{'n_components': 13, 'covariance_type': 'diag'}",13,0.2060779849993763,1.9921532356535725,250.24076085133802,0.19985254392471002,0.36389181190657044,0.5488607594936709,0.6050632911392405,0.9887980172853007,1975,0.0,0.22835443037974684,2,451
XGB,model,GMM,"{'n_components': 13, 'covariance_type': 'spherical'}",13,0.20721189624171463,1.8021146113966677,244.78787391533282,0.19360013581068525,0.35936664092562753,0.6070886075949367,0.5063291139240507,0.910695936417636,1975,0.0,0.1230379746835443,2,243
XGB,model,GMM,"{'n_components': 15, 'covariance_type': 'full'}",15,0.24530504129552966,1.5391406716925347,305.69937806607,0.18876004401459567,0.38341634173202416,0.5944303797468354,0.5392405063291139,0.9247647665313172,1975,0.0,0.17215189873417722,2,340
XGB,model,GMM,"{'n_components': 15, 'covariance_type': 'tied'}",15,0.23468389813203738,1.433432303141901,270.2559754413164,0.1608571726777927,0.3177516230243963,0.5220253164556962,0.7448101265822785,1.2090376966409004,1975,0.0,0.20810126582278482,2,411
XGB,model,GMM,"{'n_components': 15, 'covariance_type': 'diag'}",15,0.2111017056115781,1.5864006200129774,265.11018766746355,0.17713603478497228,0.3511665205910741,0.5559493670886076,0.6177215189873417,1.0173183910953145,1975,0.0,0.1868354430379747,2,369
XGB,model,GMM,"{'n_components': 15, 'covariance_type': 'spherical'}",15,0.229275362710071,1.4833602517913669,291.34270787392137,0.17910586496616485,0.3610785920259221,0.6131645569620253,0.4718987341772152,0.8431406027166329,1975,0.0,0.12556962025316457,2,248
XGB,model,GMM,"{'n_components': 17, 'covariance_type': 'full'}",17,0.23639273941942607,1.8179953066439922,264.82238381860213,0.19183119290061187,0.3914078318186896,0.5989873417721518,0.5326582278481012,0.9162388721758513,1975,0.0,0.17265822784810125,2,341
XGB,model,GMM,"{'n_components': 17, 'covariance_type': 'tied'}",17,0.25697800930813797,1.191700431055251,266.83383037440285,0.1583026419115985,0.3244083948127926,0.5255696202531646,0.7382278481012658,1.2029499605531964,1975,0.0,0.22784810126582278,2,450
XGB,model,GMM,"{'n_components': 17, 'covariance_type': 'diag'}",17,0.19967026305703175,1.9237529286786204,234.35970323395262,0.16397643972791995,0.35443533826353985,0.5711392405063291,0.5934177215189873,0.9895658170779313,1975,0.0,0.1827848101265823,2,361
XGB,model,GMM,"{'n_components': 17, 'covariance_type': 'spherical'}",17,0.22299310468642694,1.4976980127853892,268.544803097223,0.20403845628617517,0.40653352329781206,0.6688607594936709,0.4070886075949367,0.8018964862646203,1975,0.0,0.12455696202531645,2,246
XGB,model,GMM,"{'n_components': 19, 'covariance_type': 'full'}",19,0.21767219201551205,2.1052519391859827,249.6681552000912,0.17133591423435177,0.3610468212974535,0.5848101265822785,0.5772151898734177,0.9803125308940247,1975,0.0,0.17164556962025315,2,339
XGB,model,GMM,"{'n_components': 19, 'covariance_type': 'tied'}",19,0.24106260826411424,1.498999897313052,247.25787154955523,0.15644288970656756,0.3206489097856343,0.5372151898734178,0.7215189873417721,1.1866344280454637,1975,0.0,0.1989873417721519,2,393
XGB,model,GMM,"{'n_components': 19, 'covariance_type': 'diag'}",19,0.1957677841683153,2.309425326291184,233.62964802924608,0.16490641857136268,0.35362363120369267,0.5751898734177215,0.5594936708860759,0.9285895115779944,1975,0.0,0.18430379746835443,2,364
XGB,model,GMM,"{'n_components': 19, 'covariance_type': 'spherical'}",19,0.22083884083352362,1.449957864668144,281.2410988783479,0.18757038577852625,0.40534408631906005,0.6713924050632911,0.3918987341772152,0.7570763217549636,1975,0.0,0.12455696202531645,2,246
